round,prototype_step_m,theta_0_0,theta_0_1,theta_1_0,theta_1_1,theta_2_0,theta_2_1,softmax_0_0,softmax_0_1,softmax_1_0,softmax_1_1,softmax_2_0,softmax_2_1
0,0,-0.018908127701969486,0.06496141488930328,-0.017813198553071296,0.03687577842335433,-0.046680884000493854,-0.010271877893381501,0.4790448962706166,0.5209551037293834,0.4863311624119496,0.5136688375880503,0.4908987538472618,0.5091012461527382
1,0,-0.018908127701969486,0.06496141488930328,-0.017813198553071296,0.03687577842335433,-0.046680884000493854,-0.010271877893381501,0.4790448962706166,0.5209551037293834,0.4863311624119496,0.5136688375880503,0.4908987538472618,0.5091012461527382
2,0,-0.018908127701969486,0.06496141488930328,-0.017813198553071296,0.03687577842335433,-0.046680884000493854,-0.010271877893381501,0.4790448962706166,0.5209551037293834,0.4863311624119496,0.5136688375880503,0.4908987538472618,0.5091012461527382
3,0,-0.018908127701969486,0.06496141488930328,-0.017813198553071296,0.03687577842335433,-0.046680884000493854,-0.010271877893381501,0.4790448962706166,0.5209551037293834,0.4863311624119496,0.5136688375880503,0.4908987538472618,0.5091012461527382
4,0,-0.018908127701969486,0.06496141488930328,-0.017813198553071296,0.03687577842335433,-0.046680884000493854,-0.010271877893381501,0.4790448962706166,0.5209551037293834,0.4863311624119496,0.5136688375880503,0.4908987538472618,0.5091012461527382
5,0,-0.018908127701969486,0.06496141488930328,-0.017813198553071296,0.03687577842335433,-0.046680884000493854,-0.010271877893381501,0.4790448962706166,0.5209551037293834,0.4863311624119496,0.5136688375880503,0.4908987538472618,0.5091012461527382
6,0,-0.018908127701969486,0.06496141488930328,-0.017813198553071296,0.03687577842335433,-0.046680884000493854,-0.010271877893381501,0.4790448962706166,0.5209551037293834,0.4863311624119496,0.5136688375880503,0.4908987538472618,0.5091012461527382
7,0,-0.018908127701969486,0.06496141488930328,-0.017813198553071296,0.03687577842335433,-0.046680884000493854,-0.010271877893381501,0.4790448962706166,0.5209551037293834,0.4863311624119496,0.5136688375880503,0.4908987538472618,0.5091012461527382
8,0,-0.018908127701969486,0.06496141488930328,-0.017813198553071296,0.03687577842335433,-0.046680884000493854,-0.010271877893381501,0.4790448962706166,0.5209551037293834,0.4863311624119496,0.5136688375880503,0.4908987538472618,0.5091012461527382
9,1,-0.17127626495986087,0.21732955214719468,-0.22306103619794493,0.24212361606822866,-0.2850702257262195,0.22811746383234416,0.4040529668556644,0.5959470331443356,0.3857566032326508,0.6142433967673492,0.3744465544965246,0.6255534455034755
10,1,-0.17127626495986087,0.21732955214719468,-0.22306103619794493,0.24212361606822866,-0.2850702257262195,0.22811746383234416,0.4040529668556644,0.5959470331443356,0.3857566032326508,0.6142433967673492,0.3744465544965246,0.6255534455034755
11,1,-0.17127626495986087,0.21732955214719468,-0.22306103619794493,0.24212361606822866,-0.2850702257262195,0.22811746383234416,0.4040529668556644,0.5959470331443356,0.3857566032326508,0.6142433967673492,0.3744465544965246,0.6255534455034755
12,1,-0.17127626495986087,0.21732955214719468,-0.22306103619794493,0.24212361606822866,-0.2850702257262195,0.22811746383234416,0.4040529668556644,0.5959470331443356,0.3857566032326508,0.6142433967673492,0.3744465544965246,0.6255534455034755
13,1,-0.17127626495986087,0.21732955214719468,-0.22306103619794493,0.24212361606822866,-0.2850702257262195,0.22811746383234416,0.4040529668556644,0.5959470331443356,0.3857566032326508,0.6142433967673492,0.3744465544965246,0.6255534455034755
14,1,-0.17127626495986087,0.21732955214719468,-0.22306103619794493,0.24212361606822866,-0.2850702257262195,0.22811746383234416,0.4040529668556644,0.5959470331443356,0.3857566032326508,0.6142433967673492,0.3744465544965246,0.6255534455034755
15,1,-0.17127626495986087,0.21732955214719468,-0.22306103619794493,0.24212361606822866,-0.2850702257262195,0.22811746383234416,0.4040529668556644,0.5959470331443356,0.3857566032326508,0.6142433967673492,0.3744465544965246,0.6255534455034755
16,1,-0.17127626495986087,0.21732955214719468,-0.22306103619794493,0.24212361606822866,-0.2850702257262195,0.22811746383234416,0.4040529668556644,0.5959470331443356,0.3857566032326508,0.6142433967673492,0.3744465544965246,0.6255534455034755
17,1,-0.17127626495986087,0.21732955214719468,-0.22306103619794493,0.24212361606822866,-0.2850702257262195,0.22811746383234416,0.4040529668556644,0.5959470331443356,0.3857566032326508,0.6142433967673492,0.3744465544965246,0.6255534455034755
18,1,-0.17127626495986087,0.21732955214719468,-0.22306103619794493,0.24212361606822866,-0.2850702257262195,0.22811746383234416,0.4040529668556644,0.5959470331443356,0.3857566032326508,0.6142433967673492,0.3744465544965246,0.6255534455034755
19,2,0.41167226035450893,-0.3656189731671751,0.42876389077216925,-0.40970131090188555,0.4092360395316716,-0.46618880142554714,0.6850960193227298,0.3149039806772703,0.6981418713071976,0.3018581286928023,0.7058732394200572,0.2941267605799428
20,2,0.41167226035450893,-0.3656189731671751,0.42876389077216925,-0.40970131090188555,0.4092360395316716,-0.46618880142554714,0.6850960193227298,0.3149039806772703,0.6981418713071976,0.3018581286928023,0.7058732394200572,0.2941267605799428
21,2,0.41167226035450893,-0.3656189731671751,0.42876389077216925,-0.40970131090188555,0.4092360395316716,-0.46618880142554714,0.6850960193227298,0.3149039806772703,0.6981418713071976,0.3018581286928023,0.7058732394200572,0.2941267605799428
22,2,0.41167226035450893,-0.3656189731671751,0.42876389077216925,-0.40970131090188555,0.4092360395316716,-0.46618880142554714,0.6850960193227298,0.3149039806772703,0.6981418713071976,0.3018581286928023,0.7058732394200572,0.2941267605799428
23,2,0.41167226035450893,-0.3656189731671751,0.42876389077216925,-0.40970131090188555,0.4092360395316716,-0.46618880142554714,0.6850960193227298,0.3149039806772703,0.6981418713071976,0.3018581286928023,0.7058732394200572,0.2941267605799428
24,2,0.41167226035450893,-0.3656189731671751,0.42876389077216925,-0.40970131090188555,0.4092360395316716,-0.46618880142554714,0.6850960193227298,0.3149039806772703,0.6981418713071976,0.3018581286928023,0.7058732394200572,0.2941267605799428
25,2,0.41167226035450893,-0.3656189731671751,0.42876389077216925,-0.40970131090188555,0.4092360395316716,-0.46618880142554714,0.6850960193227298,0.3149039806772703,0.6981418713071976,0.3018581286928023,0.7058732394200572,0.2941267605799428
26,2,0.41167226035450893,-0.3656189731671751,0.42876389077216925,-0.40970131090188555,0.4092360395316716,-0.46618880142554714,0.6850960193227298,0.3149039806772703,0.6981418713071976,0.3018581286928023,0.7058732394200572,0.2941267605799428
27,2,0.41167226035450893,-0.3656189731671751,0.42876389077216925,-0.40970131090188555,0.4092360395316716,-0.46618880142554714,0.6850960193227298,0.3149039806772703,0.6981418713071976,0.3018581286928023,0.7058732394200572,0.2941267605799428
28,2,0.41167226035450893,-0.3656189731671751,0.42876389077216925,-0.40970131090188555,0.4092360395316716,-0.46618880142554714,0.6850960193227298,0.3149039806772703,0.6981418713071976,0.3018581286928023,0.7058732394200572,0.2941267605799428
29,3,-0.1304294338238336,0.1764827210111672,-0.1486628554363747,0.1677254353066584,-0.1891274281605289,0.13217466626665336,0.4238686252271148,0.5761313747728851,0.42155620036293545,0.5784437996370645,0.4203584502791253,0.5796415497208748
30,3,-0.1304294338238336,0.1764827210111672,-0.1486628554363747,0.1677254353066584,-0.1891274281605289,0.13217466626665336,0.4238686252271148,0.5761313747728851,0.42155620036293545,0.5784437996370645,0.4203584502791253,0.5796415497208748
31,3,-0.1304294338238336,0.1764827210111672,-0.1486628554363747,0.1677254353066584,-0.1891274281605289,0.13217466626665336,0.4238686252271148,0.5761313747728851,0.42155620036293545,0.5784437996370645,0.4203584502791253,0.5796415497208748
32,3,-0.1304294338238336,0.1764827210111672,-0.1486628554363747,0.1677254353066584,-0.1891274281605289,0.13217466626665336,0.4238686252271148,0.5761313747728851,0.42155620036293545,0.5784437996370645,0.4203584502791253,0.5796415497208748
33,3,-0.1304294338238336,0.1764827210111672,-0.1486628554363747,0.1677254353066584,-0.1891274281605289,0.13217466626665336,0.4238686252271148,0.5761313747728851,0.42155620036293545,0.5784437996370645,0.4203584502791253,0.5796415497208748
34,3,-0.1304294338238336,0.1764827210111672,-0.1486628554363747,0.1677254353066584,-0.1891274281605289,0.13217466626665336,0.4238686252271148,0.5761313747728851,0.42155620036293545,0.5784437996370645,0.4203584502791253,0.5796415497208748
35,3,-0.1304294338238336,0.1764827210111672,-0.1486628554363747,0.1677254353066584,-0.1891274281605289,0.13217466626665336,0.4238686252271148,0.5761313747728851,0.42155620036293545,0.5784437996370645,0.4203584502791253,0.5796415497208748
36,3,-0.1304294338238336,0.1764827210111672,-0.1486628554363747,0.1677254353066584,-0.1891274281605289,0.13217466626665336,0.4238686252271148,0.5761313747728851,0.42155620036293545,0.5784437996370645,0.4203584502791253,0.5796415497208748
37,3,-0.1304294338238336,0.1764827210111672,-0.1486628554363747,0.1677254353066584,-0.1891274281605289,0.13217466626665336,0.4238686252271148,0.5761313747728851,0.42155620036293545,0.5784437996370645,0.4203584502791253,0.5796415497208748
38,3,-0.1304294338238336,0.1764827210111672,-0.1486628554363747,0.1677254353066584,-0.1891274281605289,0.13217466626665336,0.4238686252271148,0.5761313747728851,0.42155620036293545,0.5784437996370645,0.4203584502791253,0.5796415497208748
39,4,0.24750143249906625,-0.20144814531173266,0.23127291551589807,-0.21221033564561426,0.191604009591203,-0.24855677148507854,0.6103894576565387,0.38961054234346115,0.6090887060675364,0.39091129393246354,0.608297340991608,0.39170265900839196
40,4,0.24750143249906625,-0.20144814531173266,0.23127291551589807,-0.21221033564561426,0.191604009591203,-0.24855677148507854,0.6103894576565387,0.38961054234346115,0.6090887060675364,0.39091129393246354,0.608297340991608,0.39170265900839196
41,4,0.24750143249906625,-0.20144814531173266,0.23127291551589807,-0.21221033564561426,0.191604009591203,-0.24855677148507854,0.6103894576565387,0.38961054234346115,0.6090887060675364,0.39091129393246354,0.608297340991608,0.39170265900839196
42,4,0.24750143249906625,-0.20144814531173266,0.23127291551589807,-0.21221033564561426,0.191604009591203,-0.24855677148507854,0.6103894576565387,0.38961054234346115,0.6090887060675364,0.39091129393246354,0.608297340991608,0.39170265900839196
43,4,0.24750143249906625,-0.20144814531173266,0.23127291551589807,-0.21221033564561426,0.191604009591203,-0.24855677148507854,0.6103894576565387,0.38961054234346115,0.6090887060675364,0.39091129393246354,0.608297340991608,0.39170265900839196
44,4,0.24750143249906625,-0.20144814531173266,0.23127291551589807,-0.21221033564561426,0.191604009591203,-0.24855677148507854,0.6103894576565387,0.38961054234346115,0.6090887060675364,0.39091129393246354,0.608297340991608,0.39170265900839196
45,4,0.24750143249906625,-0.20144814531173266,0.23127291551589807,-0.21221033564561426,0.191604009591203,-0.24855677148507854,0.6103894576565387,0.38961054234346115,0.6090887060675364,0.39091129393246354,0.608297340991608,0.39170265900839196
46,4,0.24750143249906625,-0.20144814531173266,0.23127291551589807,-0.21221033564561426,0.191604009591203,-0.24855677148507854,0.6103894576565387,0.38961054234346115,0.6090887060675364,0.39091129393246354,0.608297340991608,0.39170265900839196
47,4,0.24750143249906625,-0.20144814531173266,0.23127291551589807,-0.21221033564561426,0.191604009591203,-0.24855677148507854,0.6103894576565387,0.38961054234346115,0.6090887060675364,0.39091129393246354,0.608297340991608,0.39170265900839196
48,4,0.24750143249906625,-0.20144814531173266,0.23127291551589807,-0.21221033564561426,0.191604009591203,-0.24855677148507854,0.6103894576565387,0.38961054234346115,0.6090887060675364,0.39091129393246354,0.608297340991608,0.39170265900839196
49,5,0.019476435429229305,0.02657685175810448,0.006876735979363863,0.012185843890920034,-0.03062775416058594,-0.026325007733289607,0.49822490337553454,0.5017750966244654,0.4986727261397239,0.5013272738602761,0.4989243150527445,0.5010756849472554
50,5,0.019476435429229305,0.02657685175810448,0.006876735979363863,0.012185843890920034,-0.03062775416058594,-0.026325007733289607,0.49822490337553454,0.5017750966244654,0.4986727261397239,0.5013272738602761,0.4989243150527445,0.5010756849472554
51,5,0.019476435429229305,0.02657685175810448,0.006876735979363863,0.012185843890920034,-0.03062775416058594,-0.026325007733289607,0.49822490337553454,0.5017750966244654,0.4986727261397239,0.5013272738602761,0.4989243150527445,0.5010756849472554
52,5,0.019476435429229305,0.02657685175810448,0.006876735979363863,0.012185843890920034,-0.03062775416058594,-0.026325007733289607,0.49822490337553454,0.5017750966244654,0.4986727261397239,0.5013272738602761,0.4989243150527445,0.5010756849472554
53,5,0.019476435429229305,0.02657685175810448,0.006876735979363863,0.012185843890920034,-0.03062775416058594,-0.026325007733289607,0.49822490337553454,0.5017750966244654,0.4986727261397239,0.5013272738602761,0.4989243150527445,0.5010756849472554
54,5,0.019476435429229305,0.02657685175810448,0.006876735979363863,0.012185843890920034,-0.03062775416058594,-0.026325007733289607,0.49822490337553454,0.5017750966244654,0.4986727261397239,0.5013272738602761,0.4989243150527445,0.5010756849472554
55,5,0.019476435429229305,0.02657685175810448,0.006876735979363863,0.012185843890920034,-0.03062775416058594,-0.026325007733289607,0.49822490337553454,0.5017750966244654,0.4986727261397239,0.5013272738602761,0.4989243150527445,0.5010756849472554
56,5,0.019476435429229305,0.02657685175810448,0.006876735979363863,0.012185843890920034,-0.03062775416058594,-0.026325007733289607,0.49822490337553454,0.5017750966244654,0.4986727261397239,0.5013272738602761,0.4989243150527445,0.5010756849472554
57,5,0.019476435429229305,0.02657685175810448,0.006876735979363863,0.012185843890920034,-0.03062775416058594,-0.026325007733289607,0.49822490337553454,0.5017750966244654,0.4986727261397239,0.5013272738602761,0.4989243150527445,0.5010756849472554
58,5,0.019476435429229305,0.02657685175810448,0.006876735979363863,0.012185843890920034,-0.03062775416058594,-0.026325007733289607,0.49822490337553454,0.5017750966244654,0.4986727261397239,0.5013272738602761,0.4989243150527445,0.5010756849472554
59,6,0.05588344909967083,-0.009830161912337002,0.043777570708364716,-0.02471499083808082,0.0066067831753433975,-0.06355954506921865,0.5164224934363608,0.4835775065636392,0.5171164494748901,0.4828835505251099,0.5175343887101432,0.48246561128985677
60,6,0.05588344909967083,-0.009830161912337002,0.043777570708364716,-0.02471499083808082,0.0066067831753433975,-0.06355954506921865,0.5164224934363608,0.4835775065636392,0.5171164494748901,0.4828835505251099,0.5175343887101432,0.48246561128985677
61,6,0.05588344909967083,-0.009830161912337002,0.043777570708364716,-0.02471499083808082,0.0066067831753433975,-0.06355954506921865,0.5164224934363608,0.4835775065636392,0.5171164494748901,0.4828835505251099,0.5175343887101432,0.48246561128985677
62,6,0.05588344909967083,-0.009830161912337002,0.043777570708364716,-0.02471499083808082,0.0066067831753433975,-0.06355954506921865,0.5164224934363608,0.4835775065636392,0.5171164494748901,0.4828835505251099,0.5175343887101432,0.48246561128985677
63,6,0.05588344909967083,-0.009830161912337002,0.043777570708364716,-0.02471499083808082,0.0066067831753433975,-0.06355954506921865,0.5164224934363608,0.4835775065636392,0.5171164494748901,0.4828835505251099,0.5175343887101432,0.48246561128985677
64,6,0.05588344909967083,-0.009830161912337002,0.043777570708364716,-0.02471499083808082,0.0066067831753433975,-0.06355954506921865,0.5164224934363608,0.4835775065636392,0.5171164494748901,0.4828835505251099,0.5175343887101432,0.48246561128985677
65,6,0.05588344909967083,-0.009830161912337002,0.043777570708364716,-0.02471499083808082,0.0066067831753433975,-0.06355954506921865,0.5164224934363608,0.4835775065636392,0.5171164494748901,0.4828835505251099,0.5175343887101432,0.48246561128985677
66,6,0.05588344909967083,-0.009830161912337002,0.043777570708364716,-0.02471499083808082,0.0066067831753433975,-0.06355954506921865,0.5164224934363608,0.4835775065636392,0.5171164494748901,0.4828835505251099,0.5175343887101432,0.48246561128985677
67,6,0.05588344909967083,-0.009830161912337002,0.043777570708364716,-0.02471499083808082,0.0066067831753433975,-0.06355954506921865,0.5164224934363608,0.4835775065636392,0.5171164494748901,0.4828835505251099,0.5175343887101432,0.48246561128985677
68,6,0.05588344909967083,-0.009830161912337002,0.043777570708364716,-0.02471499083808082,0.0066067831753433975,-0.06355954506921865,0.5164224934363608,0.4835775065636392,0.5171164494748901,0.4828835505251099,0.5175343887101432,0.48246561128985677
69,7,0.007857963208648053,0.038195323978685775,-0.0038083004093424633,0.02287088027962636,-0.040693013248192314,-0.016259748645682942,0.4924162414447006,0.5075837585552995,0.4933306004177688,0.5066693995822312,0.49389198771202997,0.50610801228797
70,7,0.007857963208648053,0.038195323978685775,-0.0038083004093424633,0.02287088027962636,-0.040693013248192314,-0.016259748645682942,0.4924162414447006,0.5075837585552995,0.4933306004177688,0.5066693995822312,0.49389198771202997,0.50610801228797
71,7,0.007857963208648053,0.038195323978685775,-0.0038083004093424633,0.02287088027962636,-0.040693013248192314,-0.016259748645682942,0.4924162414447006,0.5075837585552995,0.4933306004177688,0.5066693995822312,0.49389198771202997,0.50610801228797
72,7,0.007857963208648053,0.038195323978685775,-0.0038083004093424633,0.02287088027962636,-0.040693013248192314,-0.016259748645682942,0.4924162414447006,0.5075837585552995,0.4933306004177688,0.5066693995822312,0.49389198771202997,0.50610801228797
73,7,0.007857963208648053,0.038195323978685775,-0.0038083004093424633,0.02287088027962636,-0.040693013248192314,-0.016259748645682942,0.4924162414447006,0.5075837585552995,0.4933306004177688,0.5066693995822312,0.49389198771202997,0.50610801228797
74,7,0.007857963208648053,0.038195323978685775,-0.0038083004093424633,0.02287088027962636,-0.040693013248192314,-0.016259748645682942,0.4924162414447006,0.5075837585552995,0.4933306004177688,0.5066693995822312,0.49389198771202997,0.50610801228797
75,7,0.007857963208648053,0.038195323978685775,-0.0038083004093424633,0.02287088027962636,-0.040693013248192314,-0.016259748645682942,0.4924162414447006,0.5075837585552995,0.4933306004177688,0.5066693995822312,0.49389198771202997,0.50610801228797
76,7,0.007857963208648053,0.038195323978685775,-0.0038083004093424633,0.02287088027962636,-0.040693013248192314,-0.016259748645682942,0.4924162414447006,0.5075837585552995,0.4933306004177688,0.5066693995822312,0.49389198771202997,0.50610801228797
77,7,0.007857963208648053,0.038195323978685775,-0.0038083004093424633,0.02287088027962636,-0.040693013248192314,-0.016259748645682942,0.4924162414447006,0.5075837585552995,0.4933306004177688,0.5066693995822312,0.49389198771202997,0.50610801228797
78,7,0.007857963208648053,0.038195323978685775,-0.0038083004093424633,0.02287088027962636,-0.040693013248192314,-0.016259748645682942,0.4924162414447006,0.5075837585552995,0.4933306004177688,0.5066693995822312,0.49389198771202997,0.50610801228797
79,8,-0.02250650586914724,0.068559793056481,-0.03469804526778203,0.05376062513806587,-0.07187809650614112,0.014925334612265858,0.4772491459661127,0.5227508540338873,0.4778997416124269,0.522100258387573,0.47831275799430495,0.521687242005695
80,8,-0.02250650586914724,0.068559793056481,-0.03469804526778203,0.05376062513806587,-0.07187809650614112,0.014925334612265858,0.4772491459661127,0.5227508540338873,0.4778997416124269,0.522100258387573,0.47831275799430495,0.521687242005695
81,8,-0.02250650586914724,0.068559793056481,-0.03469804526778203,0.05376062513806587,-0.07187809650614112,0.014925334612265858,0.4772491459661127,0.5227508540338873,0.4778997416124269,0.522100258387573,0.47831275799430495,0.521687242005695
82,8,-0.02250650586914724,0.068559793056481,-0.03469804526778203,0.05376062513806587,-0.07187809650614112,0.014925334612265858,0.4772491459661127,0.5227508540338873,0.4778997416124269,0.522100258387573,0.47831275799430495,0.521687242005695
83,8,-0.02250650586914724,0.068559793056481,-0.03469804526778203,0.05376062513806587,-0.07187809650614112,0.014925334612265858,0.4772491459661127,0.5227508540338873,0.4778997416124269,0.522100258387573,0.47831275799430495,0.521687242005695
84,8,-0.02250650586914724,0.068559793056481,-0.03469804526778203,0.05376062513806587,-0.07187809650614112,0.014925334612265858,0.4772491459661127,0.5227508540338873,0.4778997416124269,0.522100258387573,0.47831275799430495,0.521687242005695
85,8,-0.02250650586914724,0.068559793056481,-0.03469804526778203,0.05376062513806587,-0.07187809650614112,0.014925334612265858,0.4772491459661127,0.5227508540338873,0.4778997416124269,0.522100258387573,0.47831275799430495,0.521687242005695
86,8,-0.02250650586914724,0.068559793056481,-0.03469804526778203,0.05376062513806587,-0.07187809650614112,0.014925334612265858,0.4772491459661127,0.5227508540338873,0.4778997416124269,0.522100258387573,0.47831275799430495,0.521687242005695
87,8,-0.02250650586914724,0.068559793056481,-0.03469804526778203,0.05376062513806587,-0.07187809650614112,0.014925334612265858,0.4772491459661127,0.5227508540338873,0.4778997416124269,0.522100258387573,0.47831275799430495,0.521687242005695
88,8,-0.02250650586914724,0.068559793056481,-0.03469804526778203,0.05376062513806587,-0.07187809650614112,0.014925334612265858,0.4772491459661127,0.5227508540338873,0.4778997416124269,0.522100258387573,0.47831275799430495,0.521687242005695
89,9,0.05083755446877944,-0.004784267281445681,0.03741719696624164,-0.018354617095957634,-0.0005270975712574483,-0.05642566432261781,0.5139018715031766,0.4860981284968235,0.5139393405151514,0.4860606594848485,0.5139710040027464,0.48602899599725363
90,9,0.05083755446877944,-0.004784267281445681,0.03741719696624164,-0.018354617095957634,-0.0005270975712574483,-0.05642566432261781,0.5139018715031766,0.4860981284968235,0.5139393405151514,0.4860606594848485,0.5139710040027464,0.48602899599725363
91,9,0.05083755446877944,-0.004784267281445681,0.03741719696624164,-0.018354617095957634,-0.0005270975712574483,-0.05642566432261781,0.5139018715031766,0.4860981284968235,0.5139393405151514,0.4860606594848485,0.5139710040027464,0.48602899599725363
92,9,0.05083755446877944,-0.004784267281445681,0.03741719696624164,-0.018354617095957634,-0.0005270975712574483,-0.05642566432261781,0.5139018715031766,0.4860981284968235,0.5139393405151514,0.4860606594848485,0.5139710040027464,0.48602899599725363
93,9,0.05083755446877944,-0.004784267281445681,0.03741719696624164,-0.018354617095957634,-0.0005270975712574483,-0.05642566432261781,0.5139018715031766,0.4860981284968235,0.5139393405151514,0.4860606594848485,0.5139710040027464,0.48602899599725363
94,9,0.05083755446877944,-0.004784267281445681,0.03741719696624164,-0.018354617095957634,-0.0005270975712574483,-0.05642566432261781,0.5139018715031766,0.4860981284968235,0.5139393405151514,0.4860606594848485,0.5139710040027464,0.48602899599725363
95,9,0.05083755446877944,-0.004784267281445681,0.03741719696624164,-0.018354617095957634,-0.0005270975712574483,-0.05642566432261781,0.5139018715031766,0.4860981284968235,0.5139393405151514,0.4860606594848485,0.5139710040027464,0.48602899599725363
96,9,0.05083755446877944,-0.004784267281445681,0.03741719696624164,-0.018354617095957634,-0.0005270975712574483,-0.05642566432261781,0.5139018715031766,0.4860981284968235,0.5139393405151514,0.4860606594848485,0.5139710040027464,0.48602899599725363
97,9,0.05083755446877944,-0.004784267281445681,0.03741719696624164,-0.018354617095957634,-0.0005270975712574483,-0.05642566432261781,0.5139018715031766,0.4860981284968235,0.5139393405151514,0.4860606594848485,0.5139710040027464,0.48602899599725363
98,9,0.05083755446877944,-0.004784267281445681,0.03741719696624164,-0.018354617095957634,-0.0005270975712574483,-0.05642566432261781,0.5139018715031766,0.4860981284968235,0.5139393405151514,0.4860606594848485,0.5139710040027464,0.48602899599725363
99,10,0.0866046921321189,-0.04055140494478517,0.07313725358868389,-0.054074673718399795,0.035154492459595094,-0.09210725435347042,0.5317462612151496,0.4682537387848503,0.5317601624809449,0.468239837519055,0.5317725670844801,0.46822743291552
100,10,0.0866046921321189,-0.04055140494478517,0.07313725358868389,-0.054074673718399795,0.035154492459595094,-0.09210725435347042,0.5317462612151496,0.4682537387848503,0.5317601624809449,0.468239837519055,0.5317725670844801,0.46822743291552
101,10,0.0866046921321189,-0.04055140494478517,0.07313725358868389,-0.054074673718399795,0.035154492459595094,-0.09210725435347042,0.5317462612151496,0.4682537387848503,0.5317601624809449,0.468239837519055,0.5317725670844801,0.46822743291552
102,10,0.0866046921321189,-0.04055140494478517,0.07313725358868389,-0.054074673718399795,0.035154492459595094,-0.09210725435347042,0.5317462612151496,0.4682537387848503,0.5317601624809449,0.468239837519055,0.5317725670844801,0.46822743291552
103,10,0.0866046921321189,-0.04055140494478517,0.07313725358868389,-0.054074673718399795,0.035154492459595094,-0.09210725435347042,0.5317462612151496,0.4682537387848503,0.5317601624809449,0.468239837519055,0.5317725670844801,0.46822743291552
104,10,0.0866046921321189,-0.04055140494478517,0.07313725358868389,-0.054074673718399795,0.035154492459595094,-0.09210725435347042,0.5317462612151496,0.4682537387848503,0.5317601624809449,0.468239837519055,0.5317725670844801,0.46822743291552
105,10,0.0866046921321189,-0.04055140494478517,0.07313725358868389,-0.054074673718399795,0.035154492459595094,-0.09210725435347042,0.5317462612151496,0.4682537387848503,0.5317601624809449,0.468239837519055,0.5317725670844801,0.46822743291552
106,10,0.0866046921321189,-0.04055140494478517,0.07313725358868389,-0.054074673718399795,0.035154492459595094,-0.09210725435347042,0.5317462612151496,0.4682537387848503,0.5317601624809449,0.468239837519055,0.5317725670844801,0.46822743291552
107,10,0.0866046921321189,-0.04055140494478517,0.07313725358868389,-0.054074673718399795,0.035154492459595094,-0.09210725435347042,0.5317462612151496,0.4682537387848503,0.5317601624809449,0.468239837519055,0.5317725670844801,0.46822743291552
108,10,0.0866046921321189,-0.04055140494478517,0.07313725358868389,-0.054074673718399795,0.035154492459595094,-0.09210725435347042,0.5317462612151496,0.4682537387848503,0.5317601624809449,0.468239837519055,0.5317725670844801,0.46822743291552
109,11,0.050534660592839925,-0.0044813734055061255,0.038237626341268934,-0.01917504647098478,0.0009503506793232738,-0.05790311257319865,0.5137505403711584,0.48624945962884164,0.5143492269081672,0.48565077309183285,0.5147091203562544,0.4852908796437457
110,11,0.050534660592839925,-0.0044813734055061255,0.038237626341268934,-0.01917504647098478,0.0009503506793232738,-0.05790311257319865,0.5137505403711584,0.48624945962884164,0.5143492269081672,0.48565077309183285,0.5147091203562544,0.4852908796437457
111,11,0.050534660592839925,-0.0044813734055061255,0.038237626341268934,-0.01917504647098478,0.0009503506793232738,-0.05790311257319865,0.5137505403711584,0.48624945962884164,0.5143492269081672,0.48565077309183285,0.5147091203562544,0.4852908796437457
112,11,0.050534660592839925,-0.0044813734055061255,0.038237626341268934,-0.01917504647098478,0.0009503506793232738,-0.05790311257319865,0.5137505403711584,0.48624945962884164,0.5143492269081672,0.48565077309183285,0.5147091203562544,0.4852908796437457
113,11,0.050534660592839925,-0.0044813734055061255,0.038237626341268934,-0.01917504647098478,0.0009503506793232738,-0.05790311257319865,0.5137505403711584,0.48624945962884164,0.5143492269081672,0.48565077309183285,0.5147091203562544,0.4852908796437457
114,11,0.050534660592839925,-0.0044813734055061255,0.038237626341268934,-0.01917504647098478,0.0009503506793232738,-0.05790311257319865,0.5137505403711584,0.48624945962884164,0.5143492269081672,0.48565077309183285,0.5147091203562544,0.4852908796437457
115,11,0.050534660592839925,-0.0044813734055061255,0.038237626341268934,-0.01917504647098478,0.0009503506793232738,-0.05790311257319865,0.5137505403711584,0.48624945962884164,0.5143492269081672,0.48565077309183285,0.5147091203562544,0.4852908796437457
116,11,0.050534660592839925,-0.0044813734055061255,0.038237626341268934,-0.01917504647098478,0.0009503506793232738,-0.05790311257319865,0.5137505403711584,0.48624945962884164,0.5143492269081672,0.48565077309183285,0.5147091203562544,0.4852908796437457
117,11,0.050534660592839925,-0.0044813734055061255,0.038237626341268934,-0.01917504647098478,0.0009503506793232738,-0.05790311257319865,0.5137505403711584,0.48624945962884164,0.5143492269081672,0.48565077309183285,0.5147091203562544,0.4852908796437457
118,11,0.050534660592839925,-0.0044813734055061255,0.038237626341268934,-0.01917504647098478,0.0009503506793232738,-0.05790311257319865,0.5137505403711584,0.48624945962884164,0.5143492269081672,0.48565077309183285,0.5147091203562544,0.4852908796437457
119,12,-0.006103829984745707,0.052157117172079506,-0.01878129491608102,0.0378438747863651,-0.056298853516958354,-0.000653908376917027,0.48543888175750727,0.5145611182424927,0.4858474889348828,0.5141525110651173,0.4860923521200999,0.5139076478799002
120,12,-0.006103829984745707,0.052157117172079506,-0.01878129491608102,0.0378438747863651,-0.056298853516958354,-0.000653908376917027,0.48543888175750727,0.5145611182424927,0.4858474889348828,0.5141525110651173,0.4860923521200999,0.5139076478799002
121,12,-0.006103829984745707,0.052157117172079506,-0.01878129491608102,0.0378438747863651,-0.056298853516958354,-0.000653908376917027,0.48543888175750727,0.5145611182424927,0.4858474889348828,0.5141525110651173,0.4860923521200999,0.5139076478799002
122,12,-0.006103829984745707,0.052157117172079506,-0.01878129491608102,0.0378438747863651,-0.056298853516958354,-0.000653908376917027,0.48543888175750727,0.5145611182424927,0.4858474889348828,0.5141525110651173,0.4860923521200999,0.5139076478799002
123,12,-0.006103829984745707,0.052157117172079506,-0.01878129491608102,0.0378438747863651,-0.056298853516958354,-0.000653908376917027,0.48543888175750727,0.5145611182424927,0.4858474889348828,0.5141525110651173,0.4860923521200999,0.5139076478799002
124,12,-0.006103829984745707,0.052157117172079506,-0.01878129491608102,0.0378438747863651,-0.056298853516958354,-0.000653908376917027,0.48543888175750727,0.5145611182424927,0.4858474889348828,0.5141525110651173,0.4860923521200999,0.5139076478799002
125,12,-0.006103829984745707,0.052157117172079506,-0.01878129491608102,0.0378438747863651,-0.056298853516958354,-0.000653908376917027,0.48543888175750727,0.5145611182424927,0.4858474889348828,0.5141525110651173,0.4860923521200999,0.5139076478799002
126,12,-0.006103829984745707,0.052157117172079506,-0.01878129491608102,0.0378438747863651,-0.056298853516958354,-0.000653908376917027,0.48543888175750727,0.5145611182424927,0.4858474889348828,0.5141525110651173,0.4860923521200999,0.5139076478799002
127,12,-0.006103829984745707,0.052157117172079506,-0.01878129491608102,0.0378438747863651,-0.056298853516958354,-0.000653908376917027,0.48543888175750727,0.5145611182424927,0.4858474889348828,0.5141525110651173,0.4860923521200999,0.5139076478799002
128,12,-0.006103829984745707,0.052157117172079506,-0.01878129491608102,0.0378438747863651,-0.056298853516958354,-0.000653908376917027,0.48543888175750727,0.5145611182424927,0.4858474889348828,0.5141525110651173,0.4860923521200999,0.5139076478799002
129,13,-0.002459725992477205,0.04851301317981101,-0.014772856799759586,0.03383543667004362,-0.05206370013822301,-0.0048890617556524175,0.4872595736235129,0.5127404263764871,0.4878503187763548,0.5121496812236452,0.4882085270976006,0.5117914729023993
130,13,-0.002459725992477205,0.04851301317981101,-0.014772856799759586,0.03383543667004362,-0.05206370013822301,-0.0048890617556524175,0.4872595736235129,0.5127404263764871,0.4878503187763548,0.5121496812236452,0.4882085270976006,0.5117914729023993
131,13,-0.002459725992477205,0.04851301317981101,-0.014772856799759586,0.03383543667004362,-0.05206370013822301,-0.0048890617556524175,0.4872595736235129,0.5127404263764871,0.4878503187763548,0.5121496812236452,0.4882085270976006,0.5117914729023993
132,13,-0.002459725992477205,0.04851301317981101,-0.014772856799759586,0.03383543667004362,-0.05206370013822301,-0.0048890617556524175,0.4872595736235129,0.5127404263764871,0.4878503187763548,0.5121496812236452,0.4882085270976006,0.5117914729023993
133,13,-0.002459725992477205,0.04851301317981101,-0.014772856799759586,0.03383543667004362,-0.05206370013822301,-0.0048890617556524175,0.4872595736235129,0.5127404263764871,0.4878503187763548,0.5121496812236452,0.4882085270976006,0.5117914729023993
134,13,-0.002459725992477205,0.04851301317981101,-0.014772856799759586,0.03383543667004362,-0.05206370013822301,-0.0048890617556524175,0.4872595736235129,0.5127404263764871,0.4878503187763548,0.5121496812236452,0.4882085270976006,0.5117914729023993
135,13,-0.002459725992477205,0.04851301317981101,-0.014772856799759586,0.03383543667004362,-0.05206370013822301,-0.0048890617556524175,0.4872595736235129,0.5127404263764871,0.4878503187763548,0.5121496812236452,0.4882085270976006,0.5117914729023993
136,13,-0.002459725992477205,0.04851301317981101,-0.014772856799759586,0.03383543667004362,-0.05206370013822301,-0.0048890617556524175,0.4872595736235129,0.5127404263764871,0.4878503187763548,0.5121496812236452,0.4882085270976006,0.5117914729023993
137,13,-0.002459725992477205,0.04851301317981101,-0.014772856799759586,0.03383543667004362,-0.05206370013822301,-0.0048890617556524175,0.4872595736235129,0.5127404263764871,0.4878503187763548,0.5121496812236452,0.4882085270976006,0.5117914729023993
138,13,-0.002459725992477205,0.04851301317981101,-0.014772856799759586,0.03383543667004362,-0.05206370013822301,-0.0048890617556524175,0.4872595736235129,0.5127404263764871,0.4878503187763548,0.5121496812236452,0.4882085270976006,0.5117914729023993
139,14,0.02570526299595415,0.020348024191379654,0.012786275068112075,0.006276304802171957,-0.024861946848402688,-0.03209081504547272,0.5013393064979695,0.4986606935020304,0.501627486818787,0.4983725131812129,0.5018072091794001,0.4981927908205998
140,14,0.02570526299595415,0.020348024191379654,0.012786275068112075,0.006276304802171957,-0.024861946848402688,-0.03209081504547272,0.5013393064979695,0.4986606935020304,0.501627486818787,0.4983725131812129,0.5018072091794001,0.4981927908205998
141,14,0.02570526299595415,0.020348024191379654,0.012786275068112075,0.006276304802171957,-0.024861946848402688,-0.03209081504547272,0.5013393064979695,0.4986606935020304,0.501627486818787,0.4983725131812129,0.5018072091794001,0.4981927908205998
142,14,0.02570526299595415,0.020348024191379654,0.012786275068112075,0.006276304802171957,-0.024861946848402688,-0.03209081504547272,0.5013393064979695,0.4986606935020304,0.501627486818787,0.4983725131812129,0.5018072091794001,0.4981927908205998
143,14,0.02570526299595415,0.020348024191379654,0.012786275068112075,0.006276304802171957,-0.024861946848402688,-0.03209081504547272,0.5013393064979695,0.4986606935020304,0.501627486818787,0.4983725131812129,0.5018072091794001,0.4981927908205998
144,14,0.02570526299595415,0.020348024191379654,0.012786275068112075,0.006276304802171957,-0.024861946848402688,-0.03209081504547272,0.5013393064979695,0.4986606935020304,0.501627486818787,0.4983725131812129,0.5018072091794001,0.4981927908205998
145,14,0.02570526299595415,0.020348024191379654,0.012786275068112075,0.006276304802171957,-0.024861946848402688,-0.03209081504547272,0.5013393064979695,0.4986606935020304,0.501627486818787,0.4983725131812129,0.5018072091794001,0.4981927908205998
146,14,0.02570526299595415,0.020348024191379654,0.012786275068112075,0.006276304802171957,-0.024861946848402688,-0.03209081504547272,0.5013393064979695,0.4986606935020304,0.501627486818787,0.4983725131812129,0.5018072091794001,0.4981927908205998
147,14,0.02570526299595415,0.020348024191379654,0.012786275068112075,0.006276304802171957,-0.024861946848402688,-0.03209081504547272,0.5013393064979695,0.4986606935020304,0.501627486818787,0.4983725131812129,0.5018072091794001,0.4981927908205998
148,14,0.02570526299595415,0.020348024191379654,0.012786275068112075,0.006276304802171957,-0.024861946848402688,-0.03209081504547272,0.5013393064979695,0.4986606935020304,0.501627486818787,0.4983725131812129,0.5018072091794001,0.4981927908205998
149,15,0.024733272639426637,0.021320014547907204,0.011762479666666851,0.007300100203617274,-0.02592573683491979,-0.031027025058955604,0.5008533136944311,0.49914668630556885,0.5011155930145451,0.4988844069854549,0.501275319290359,0.49872468070964104
150,15,0.024733272639426637,0.021320014547907204,0.011762479666666851,0.007300100203617274,-0.02592573683491979,-0.031027025058955604,0.5008533136944311,0.49914668630556885,0.5011155930145451,0.4988844069854549,0.501275319290359,0.49872468070964104
151,15,0.024733272639426637,0.021320014547907204,0.011762479666666851,0.007300100203617274,-0.02592573683491979,-0.031027025058955604,0.5008533136944311,0.49914668630556885,0.5011155930145451,0.4988844069854549,0.501275319290359,0.49872468070964104
152,15,0.024733272639426637,0.021320014547907204,0.011762479666666851,0.007300100203617274,-0.02592573683491979,-0.031027025058955604,0.5008533136944311,0.49914668630556885,0.5011155930145451,0.4988844069854549,0.501275319290359,0.49872468070964104
153,15,0.024733272639426637,0.021320014547907204,0.011762479666666851,0.007300100203617274,-0.02592573683491979,-0.031027025058955604,0.5008533136944311,0.49914668630556885,0.5011155930145451,0.4988844069854549,0.501275319290359,0.49872468070964104
154,15,0.024733272639426637,0.021320014547907204,0.011762479666666851,0.007300100203617274,-0.02592573683491979,-0.031027025058955604,0.5008533136944311,0.49914668630556885,0.5011155930145451,0.4988844069854549,0.501275319290359,0.49872468070964104
155,15,0.024733272639426637,0.021320014547907204,0.011762479666666851,0.007300100203617274,-0.02592573683491979,-0.031027025058955604,0.5008533136944311,0.49914668630556885,0.5011155930145451,0.4988844069854549,0.501275319290359,0.49872468070964104
156,15,0.024733272639426637,0.021320014547907204,0.011762479666666851,0.007300100203617274,-0.02592573683491979,-0.031027025058955604,0.5008533136944311,0.49914668630556885,0.5011155930145451,0.4988844069854549,0.501275319290359,0.49872468070964104
157,15,0.024733272639426637,0.021320014547907204,0.011762479666666851,0.007300100203617274,-0.02592573683491979,-0.031027025058955604,0.5008533136944311,0.49914668630556885,0.5011155930145451,0.4988844069854549,0.501275319290359,0.49872468070964104
158,15,0.024733272639426637,0.021320014547907204,0.011762479666666851,0.007300100203617274,-0.02592573683491979,-0.031027025058955604,0.5008533136944311,0.49914668630556885,0.5011155930145451,0.4988844069854549,0.501275319290359,0.49872468070964104
159,16,-0.010221965424062458,0.05627525261139632,-0.02317858768475193,0.042241167555036055,-0.06086535268048864,0.003912590786613247,0.4833818186735292,0.5166181813264709,0.48365089160791136,0.5163491083920886,0.48381117467542345,0.5161888253245766
160,16,-0.010221965424062458,0.05627525261139632,-0.02317858768475193,0.042241167555036055,-0.06086535268048864,0.003912590786613247,0.4833818186735292,0.5166181813264709,0.48365089160791136,0.5163491083920886,0.48381117467542345,0.5161888253245766
161,16,-0.010221965424062458,0.05627525261139632,-0.02317858768475193,0.042241167555036055,-0.06086535268048864,0.003912590786613247,0.4833818186735292,0.5166181813264709,0.48365089160791136,0.5163491083920886,0.48381117467542345,0.5161888253245766
162,16,-0.010221965424062458,0.05627525261139632,-0.02317858768475193,0.042241167555036055,-0.06086535268048864,0.003912590786613247,0.4833818186735292,0.5166181813264709,0.48365089160791136,0.5163491083920886,0.48381117467542345,0.5161888253245766
163,16,-0.010221965424062458,0.05627525261139632,-0.02317858768475193,0.042241167555036055,-0.06086535268048864,0.003912590786613247,0.4833818186735292,0.5166181813264709,0.48365089160791136,0.5163491083920886,0.48381117467542345,0.5161888253245766
164,16,-0.010221965424062458,0.05627525261139632,-0.02317858768475193,0.042241167555036055,-0.06086535268048864,0.003912590786613247,0.4833818186735292,0.5166181813264709,0.48365089160791136,0.5163491083920886,0.48381117467542345,0.5161888253245766
165,16,-0.010221965424062458,0.05627525261139632,-0.02317858768475193,0.042241167555036055,-0.06086535268048864,0.003912590786613247,0.4833818186735292,0.5166181813264709,0.48365089160791136,0.5163491083920886,0.48381117467542345,0.5161888253245766
166,16,-0.010221965424062458,0.05627525261139632,-0.02317858768475193,0.042241167555036055,-0.06086535268048864,0.003912590786613247,0.4833818186735292,0.5166181813264709,0.48365089160791136,0.5163491083920886,0.48381117467542345,0.5161888253245766
167,16,-0.010221965424062458,0.05627525261139632,-0.02317858768475193,0.042241167555036055,-0.06086535268048864,0.003912590786613247,0.4833818186735292,0.5166181813264709,0.48365089160791136,0.5163491083920886,0.48381117467542345,0.5161888253245766
168,16,-0.010221965424062458,0.05627525261139632,-0.02317858768475193,0.042241167555036055,-0.06086535268048864,0.003912590786613247,0.4833818186735292,0.5166181813264709,0.48365089160791136,0.5163491083920886,0.48381117467542345,0.5161888253245766
169,17,-0.0008219297283591238,0.046875216915692935,-0.013797846985899948,0.03286042685618408,-0.05149582801047617,-0.005456933883399228,0.48807797348849885,0.5119220265115012,0.4883375472206969,0.5116624527793031,0.4884923090188486,0.5115076909811515
170,17,-0.0008219297283591238,0.046875216915692935,-0.013797846985899948,0.03286042685618408,-0.05149582801047617,-0.005456933883399228,0.48807797348849885,0.5119220265115012,0.4883375472206969,0.5116624527793031,0.4884923090188486,0.5115076909811515
171,17,-0.0008219297283591238,0.046875216915692935,-0.013797846985899948,0.03286042685618408,-0.05149582801047617,-0.005456933883399228,0.48807797348849885,0.5119220265115012,0.4883375472206969,0.5116624527793031,0.4884923090188486,0.5115076909811515
172,17,-0.0008219297283591238,0.046875216915692935,-0.013797846985899948,0.03286042685618408,-0.05149582801047617,-0.005456933883399228,0.48807797348849885,0.5119220265115012,0.4883375472206969,0.5116624527793031,0.4884923090188486,0.5115076909811515
173,17,-0.0008219297283591238,0.046875216915692935,-0.013797846985899948,0.03286042685618408,-0.05149582801047617,-0.005456933883399228,0.48807797348849885,0.5119220265115012,0.4883375472206969,0.5116624527793031,0.4884923090188486,0.5115076909811515
174,17,-0.0008219297283591238,0.046875216915692935,-0.013797846985899948,0.03286042685618408,-0.05149582801047617,-0.005456933883399228,0.48807797348849885,0.5119220265115012,0.4883375472206969,0.5116624527793031,0.4884923090188486,0.5115076909811515
175,17,-0.0008219297283591238,0.046875216915692935,-0.013797846985899948,0.03286042685618408,-0.05149582801047617,-0.005456933883399228,0.48807797348849885,0.5119220265115012,0.4883375472206969,0.5116624527793031,0.4884923090188486,0.5115076909811515
176,17,-0.0008219297283591238,0.046875216915692935,-0.013797846985899948,0.03286042685618408,-0.05149582801047617,-0.005456933883399228,0.48807797348849885,0.5119220265115012,0.4883375472206969,0.5116624527793031,0.4884923090188486,0.5115076909811515
177,17,-0.0008219297283591238,0.046875216915692935,-0.013797846985899948,0.03286042685618408,-0.05149582801047617,-0.005456933883399228,0.48807797348849885,0.5119220265115012,0.4883375472206969,0.5116624527793031,0.4884923090188486,0.5115076909811515
178,17,-0.0008219297283591238,0.046875216915692935,-0.013797846985899948,0.03286042685618408,-0.05149582801047617,-0.005456933883399228,0.48807797348849885,0.5119220265115012,0.4883375472206969,0.5116624527793031,0.4884923090188486,0.5115076909811515
179,18,0.01642087224770697,0.029632414939626844,0.003443407627505061,0.015619172242779072,-0.03425463112523594,-0.022698130768639496,0.4966971623679914,0.5033028376320087,0.49695609645078853,0.5030439035492114,0.4971109070646263,0.5028890929353738
180,18,0.01642087224770697,0.029632414939626844,0.003443407627505061,0.015619172242779072,-0.03425463112523594,-0.022698130768639496,0.4966971623679914,0.5033028376320087,0.49695609645078853,0.5030439035492114,0.4971109070646263,0.5028890929353738
181,18,0.01642087224770697,0.029632414939626844,0.003443407627505061,0.015619172242779072,-0.03425463112523594,-0.022698130768639496,0.4966971623679914,0.5033028376320087,0.49695609645078853,0.5030439035492114,0.4971109070646263,0.5028890929353738
182,18,0.01642087224770697,0.029632414939626844,0.003443407627505061,0.015619172242779072,-0.03425463112523594,-0.022698130768639496,0.4966971623679914,0.5033028376320087,0.49695609645078853,0.5030439035492114,0.4971109070646263,0.5028890929353738
183,18,0.01642087224770697,0.029632414939626844,0.003443407627505061,0.015619172242779072,-0.03425463112523594,-0.022698130768639496,0.4966971623679914,0.5033028376320087,0.49695609645078853,0.5030439035492114,0.4971109070646263,0.5028890929353738
184,18,0.01642087224770697,0.029632414939626844,0.003443407627505061,0.015619172242779072,-0.03425463112523594,-0.022698130768639496,0.4966971623679914,0.5033028376320087,0.49695609645078853,0.5030439035492114,0.4971109070646263,0.5028890929353738
185,18,0.01642087224770697,0.029632414939626844,0.003443407627505061,0.015619172242779072,-0.03425463112523594,-0.022698130768639496,0.4966971623679914,0.5033028376320087,0.49695609645078853,0.5030439035492114,0.4971109070646263,0.5028890929353738
186,18,0.01642087224770697,0.029632414939626844,0.003443407627505061,0.015619172242779072,-0.03425463112523594,-0.022698130768639496,0.4966971623679914,0.5033028376320087,0.49695609645078853,0.5030439035492114,0.4971109070646263,0.5028890929353738
187,18,0.01642087224770697,0.029632414939626844,0.003443407627505061,0.015619172242779072,-0.03425463112523594,-0.022698130768639496,0.4966971623679914,0.5033028376320087,0.49695609645078853,0.5030439035492114,0.4971109070646263,0.5028890929353738
188,18,0.01642087224770697,0.029632414939626844,0.003443407627505061,0.015619172242779072,-0.03425463112523594,-0.022698130768639496,0.4966971623679914,0.5033028376320087,0.49695609645078853,0.5030439035492114,0.4971109070646263,0.5028890929353738
189,19,-0.005635465187977834,0.051688752375311606,-0.019129853494344207,0.03819243336462838,-0.05713404740782466,0.00018128551394919895,0.4856728687191412,0.5143271312808587,0.48567335099892456,0.5143266490010755,0.48567508805608167,0.5143249119439183
190,19,-0.005635465187977834,0.051688752375311606,-0.019129853494344207,0.03819243336462838,-0.05713404740782466,0.00018128551394919895,0.4856728687191412,0.5143271312808587,0.48567335099892456,0.5143266490010755,0.48567508805608167,0.5143249119439183
191,19,-0.005635465187977834,0.051688752375311606,-0.019129853494344207,0.03819243336462838,-0.05713404740782466,0.00018128551394919895,0.4856728687191412,0.5143271312808587,0.48567335099892456,0.5143266490010755,0.48567508805608167,0.5143249119439183
192,19,-0.005635465187977834,0.051688752375311606,-0.019129853494344207,0.03819243336462838,-0.05713404740782466,0.00018128551394919895,0.4856728687191412,0.5143271312808587,0.48567335099892456,0.5143266490010755,0.48567508805608167,0.5143249119439183
193,19,-0.005635465187977834,0.051688752375311606,-0.019129853494344207,0.03819243336462838,-0.05713404740782466,0.00018128551394919895,0.4856728687191412,0.5143271312808587,0.48567335099892456,0.5143266490010755,0.48567508805608167,0.5143249119439183
194,19,-0.005635465187977834,0.051688752375311606,-0.019129853494344207,0.03819243336462838,-0.05713404740782466,0.00018128551394919895,0.4856728687191412,0.5143271312808587,0.48567335099892456,0.5143266490010755,0.48567508805608167,0.5143249119439183
195,19,-0.005635465187977834,0.051688752375311606,-0.019129853494344207,0.03819243336462838,-0.05713404740782466,0.00018128551394919895,0.4856728687191412,0.5143271312808587,0.48567335099892456,0.5143266490010755,0.48567508805608167,0.5143249119439183
196,19,-0.005635465187977834,0.051688752375311606,-0.019129853494344207,0.03819243336462838,-0.05713404740782466,0.00018128551394919895,0.4856728687191412,0.5143271312808587,0.48567335099892456,0.5143266490010755,0.48567508805608167,0.5143249119439183
197,19,-0.005635465187977834,0.051688752375311606,-0.019129853494344207,0.03819243336462838,-0.05713404740782466,0.00018128551394919895,0.4856728687191412,0.5143271312808587,0.48567335099892456,0.5143266490010755,0.48567508805608167,0.5143249119439183
198,19,-0.005635465187977834,0.051688752375311606,-0.019129853494344207,0.03819243336462838,-0.05713404740782466,0.00018128551394919895,0.4856728687191412,0.5143271312808587,0.48567335099892456,0.5143266490010755,0.48567508805608167,0.5143249119439183
199,20,0.034153799303439064,0.011899487883894742,0.020160127642693856,-0.0010975477724097307,-0.018153760345276056,-0.038799001548599374,0.5055633482507338,0.49443665174926626,0.5053142187356384,0.49468578126436163,0.5051611269849305,0.49483887301506935
200,20,0.034153799303439064,0.011899487883894742,0.020160127642693856,-0.0010975477724097307,-0.018153760345276056,-0.038799001548599374,0.5055633482507338,0.49443665174926626,0.5053142187356384,0.49468578126436163,0.5051611269849305,0.49483887301506935
201,20,0.034153799303439064,0.011899487883894742,0.020160127642693856,-0.0010975477724097307,-0.018153760345276056,-0.038799001548599374,0.5055633482507338,0.49443665174926626,0.5053142187356384,0.49468578126436163,0.5051611269849305,0.49483887301506935
202,20,0.034153799303439064,0.011899487883894742,0.020160127642693856,-0.0010975477724097307,-0.018153760345276056,-0.038799001548599374,0.5055633482507338,0.49443665174926626,0.5053142187356384,0.49468578126436163,0.5051611269849305,0.49483887301506935
203,20,0.034153799303439064,0.011899487883894742,0.020160127642693856,-0.0010975477724097307,-0.018153760345276056,-0.038799001548599374,0.5055633482507338,0.49443665174926626,0.5053142187356384,0.49468578126436163,0.5051611269849305,0.49483887301506935
204,20,0.034153799303439064,0.011899487883894742,0.020160127642693856,-0.0010975477724097307,-0.018153760345276056,-0.038799001548599374,0.5055633482507338,0.49443665174926626,0.5053142187356384,0.49468578126436163,0.5051611269849305,0.49483887301506935
205,20,0.034153799303439064,0.011899487883894742,0.020160127642693856,-0.0010975477724097307,-0.018153760345276056,-0.038799001548599374,0.5055633482507338,0.49443665174926626,0.5053142187356384,0.49468578126436163,0.5051611269849305,0.49483887301506935
206,20,0.034153799303439064,0.011899487883894742,0.020160127642693856,-0.0010975477724097307,-0.018153760345276056,-0.038799001548599374,0.5055633482507338,0.49443665174926626,0.5053142187356384,0.49468578126436163,0.5051611269849305,0.49483887301506935
207,20,0.034153799303439064,0.011899487883894742,0.020160127642693856,-0.0010975477724097307,-0.018153760345276056,-0.038799001548599374,0.5055633482507338,0.49443665174926626,0.5053142187356384,0.49468578126436163,0.5051611269849305,0.49483887301506935
208,20,0.034153799303439064,0.011899487883894742,0.020160127642693856,-0.0010975477724097307,-0.018153760345276056,-0.038799001548599374,0.5055633482507338,0.49443665174926626,0.5053142187356384,0.49468578126436163,0.5051611269849305,0.49483887301506935
209,21,0.05996189575198817,-0.013908608564654382,0.04604877857921369,-0.026986198708929574,0.007782208229395408,-0.06473497012327077,0.5184592327349731,0.4815407672650269,0.5182506324729171,0.48174936752708286,0.518121353991596,0.48187864600840413
210,21,0.05996189575198817,-0.013908608564654382,0.04604877857921369,-0.026986198708929574,0.007782208229395408,-0.06473497012327077,0.5184592327349731,0.4815407672650269,0.5182506324729171,0.48174936752708286,0.518121353991596,0.48187864600840413
211,21,0.05996189575198817,-0.013908608564654382,0.04604877857921369,-0.026986198708929574,0.007782208229395408,-0.06473497012327077,0.5184592327349731,0.4815407672650269,0.5182506324729171,0.48174936752708286,0.518121353991596,0.48187864600840413
212,21,0.05996189575198817,-0.013908608564654382,0.04604877857921369,-0.026986198708929574,0.007782208229395408,-0.06473497012327077,0.5184592327349731,0.4815407672650269,0.5182506324729171,0.48174936752708286,0.518121353991596,0.48187864600840413
213,21,0.05996189575198817,-0.013908608564654382,0.04604877857921369,-0.026986198708929574,0.007782208229395408,-0.06473497012327077,0.5184592327349731,0.4815407672650269,0.5182506324729171,0.48174936752708286,0.518121353991596,0.48187864600840413
214,21,0.05996189575198817,-0.013908608564654382,0.04604877857921369,-0.026986198708929574,0.007782208229395408,-0.06473497012327077,0.5184592327349731,0.4815407672650269,0.5182506324729171,0.48174936752708286,0.518121353991596,0.48187864600840413
215,21,0.05996189575198817,-0.013908608564654382,0.04604877857921369,-0.026986198708929574,0.007782208229395408,-0.06473497012327077,0.5184592327349731,0.4815407672650269,0.5182506324729171,0.48174936752708286,0.518121353991596,0.48187864600840413
216,21,0.05996189575198817,-0.013908608564654382,0.04604877857921369,-0.026986198708929574,0.007782208229395408,-0.06473497012327077,0.5184592327349731,0.4815407672650269,0.5182506324729171,0.48174936752708286,0.518121353991596,0.48187864600840413
217,21,0.05996189575198817,-0.013908608564654382,0.04604877857921369,-0.026986198708929574,0.007782208229395408,-0.06473497012327077,0.5184592327349731,0.4815407672650269,0.5182506324729171,0.48174936752708286,0.518121353991596,0.48187864600840413
218,21,0.05996189575198817,-0.013908608564654382,0.04604877857921369,-0.026986198708929574,0.007782208229395408,-0.06473497012327077,0.5184592327349731,0.4815407672650269,0.5182506324729171,0.48174936752708286,0.518121353991596,0.48187864600840413
219,22,0.04177386798042425,0.004279419206909534,0.02747433675035888,-0.008411756880074766,-0.011033084681370695,-0.045919677212504714,0.5093725142027536,0.4906274857972463,0.5089705607288368,0.49102943927116316,0.5087207636659187,0.49127923633408144
220,22,0.04177386798042425,0.004279419206909534,0.02747433675035888,-0.008411756880074766,-0.011033084681370695,-0.045919677212504714,0.5093725142027536,0.4906274857972463,0.5089705607288368,0.49102943927116316,0.5087207636659187,0.49127923633408144
221,22,0.04177386798042425,0.004279419206909534,0.02747433675035888,-0.008411756880074766,-0.011033084681370695,-0.045919677212504714,0.5093725142027536,0.4906274857972463,0.5089705607288368,0.49102943927116316,0.5087207636659187,0.49127923633408144
222,22,0.04177386798042425,0.004279419206909534,0.02747433675035888,-0.008411756880074766,-0.011033084681370695,-0.045919677212504714,0.5093725142027536,0.4906274857972463,0.5089705607288368,0.49102943927116316,0.5087207636659187,0.49127923633408144
223,22,0.04177386798042425,0.004279419206909534,0.02747433675035888,-0.008411756880074766,-0.011033084681370695,-0.045919677212504714,0.5093725142027536,0.4906274857972463,0.5089705607288368,0.49102943927116316,0.5087207636659187,0.49127923633408144
224,22,0.04177386798042425,0.004279419206909534,0.02747433675035888,-0.008411756880074766,-0.011033084681370695,-0.045919677212504714,0.5093725142027536,0.4906274857972463,0.5089705607288368,0.49102943927116316,0.5087207636659187,0.49127923633408144
225,22,0.04177386798042425,0.004279419206909534,0.02747433675035888,-0.008411756880074766,-0.011033084681370695,-0.045919677212504714,0.5093725142027536,0.4906274857972463,0.5089705607288368,0.49102943927116316,0.5087207636659187,0.49127923633408144
226,22,0.04177386798042425,0.004279419206909534,0.02747433675035888,-0.008411756880074766,-0.011033084681370695,-0.045919677212504714,0.5093725142027536,0.4906274857972463,0.5089705607288368,0.49102943927116316,0.5087207636659187,0.49127923633408144
227,22,0.04177386798042425,0.004279419206909534,0.02747433675035888,-0.008411756880074766,-0.011033084681370695,-0.045919677212504714,0.5093725142027536,0.4906274857972463,0.5089705607288368,0.49102943927116316,0.5087207636659187,0.49127923633408144
228,22,0.04177386798042425,0.004279419206909534,0.02747433675035888,-0.008411756880074766,-0.011033084681370695,-0.045919677212504714,0.5093725142027536,0.4906274857972463,0.5089705607288368,0.49102943927116316,0.5087207636659187,0.49127923633408144
229,23,0.033493871658129344,0.012559415529204445,0.018854670299680663,0.00020790957060345255,-0.01986386803826856,-0.03708889385560689,0.5052334229040277,0.4947665770959722,0.5046615551138378,0.4953384448861622,0.5043061499847593,0.49569385001524074
230,23,0.033493871658129344,0.012559415529204445,0.018854670299680663,0.00020790957060345255,-0.01986386803826856,-0.03708889385560689,0.5052334229040277,0.4947665770959722,0.5046615551138378,0.4953384448861622,0.5043061499847593,0.49569385001524074
231,23,0.033493871658129344,0.012559415529204445,0.018854670299680663,0.00020790957060345255,-0.01986386803826856,-0.03708889385560689,0.5052334229040277,0.4947665770959722,0.5046615551138378,0.4953384448861622,0.5043061499847593,0.49569385001524074
232,23,0.033493871658129344,0.012559415529204445,0.018854670299680663,0.00020790957060345255,-0.01986386803826856,-0.03708889385560689,0.5052334229040277,0.4947665770959722,0.5046615551138378,0.4953384448861622,0.5043061499847593,0.49569385001524074
233,23,0.033493871658129344,0.012559415529204445,0.018854670299680663,0.00020790957060345255,-0.01986386803826856,-0.03708889385560689,0.5052334229040277,0.4947665770959722,0.5046615551138378,0.4953384448861622,0.5043061499847593,0.49569385001524074
234,23,0.033493871658129344,0.012559415529204445,0.018854670299680663,0.00020790957060345255,-0.01986386803826856,-0.03708889385560689,0.5052334229040277,0.4947665770959722,0.5046615551138378,0.4953384448861622,0.5043061499847593,0.49569385001524074
235,23,0.033493871658129344,0.012559415529204445,0.018854670299680663,0.00020790957060345255,-0.01986386803826856,-0.03708889385560689,0.5052334229040277,0.4947665770959722,0.5046615551138378,0.4953384448861622,0.5043061499847593,0.49569385001524074
236,23,0.033493871658129344,0.012559415529204445,0.018854670299680663,0.00020790957060345255,-0.01986386803826856,-0.03708889385560689,0.5052334229040277,0.4947665770959722,0.5046615551138378,0.4953384448861622,0.5043061499847593,0.49569385001524074
237,23,0.033493871658129344,0.012559415529204445,0.018854670299680663,0.00020790957060345255,-0.01986386803826856,-0.03708889385560689,0.5052334229040277,0.4947665770959722,0.5046615551138378,0.4953384448861622,0.5043061499847593,0.49569385001524074
238,23,0.033493871658129344,0.012559415529204445,0.018854670299680663,0.00020790957060345255,-0.01986386803826856,-0.03708889385560689,0.5052334229040277,0.4947665770959722,0.5046615551138378,0.4953384448861622,0.5043061499847593,0.49569385001524074
239,24,0.04183515955137811,0.004218127635955717,0.02738627429030694,-0.008323694420022823,-0.011209107987954001,-0.04574365390592147,0.509403149184799,0.4905968508152009,0.5089265436023216,0.49107345639767835,0.5086327785171612,0.4913672214828388
240,24,0.04183515955137811,0.004218127635955717,0.02738627429030694,-0.008323694420022823,-0.011209107987954001,-0.04574365390592147,0.509403149184799,0.4905968508152009,0.5089265436023216,0.49107345639767835,0.5086327785171612,0.4913672214828388
241,24,0.04183515955137811,0.004218127635955717,0.02738627429030694,-0.008323694420022823,-0.011209107987954001,-0.04574365390592147,0.509403149184799,0.4905968508152009,0.5089265436023216,0.49107345639767835,0.5086327785171612,0.4913672214828388
242,24,0.04183515955137811,0.004218127635955717,0.02738627429030694,-0.008323694420022823,-0.011209107987954001,-0.04574365390592147,0.509403149184799,0.4905968508152009,0.5089265436023216,0.49107345639767835,0.5086327785171612,0.4913672214828388
243,24,0.04183515955137811,0.004218127635955717,0.02738627429030694,-0.008323694420022823,-0.011209107987954001,-0.04574365390592147,0.509403149184799,0.4905968508152009,0.5089265436023216,0.49107345639767835,0.5086327785171612,0.4913672214828388
244,24,0.04183515955137811,0.004218127635955717,0.02738627429030694,-0.008323694420022823,-0.011209107987954001,-0.04574365390592147,0.509403149184799,0.4905968508152009,0.5089265436023216,0.49107345639767835,0.5086327785171612,0.4913672214828388
245,24,0.04183515955137811,0.004218127635955717,0.02738627429030694,-0.008323694420022823,-0.011209107987954001,-0.04574365390592147,0.509403149184799,0.4905968508152009,0.5089265436023216,0.49107345639767835,0.5086327785171612,0.4913672214828388
246,24,0.04183515955137811,0.004218127635955717,0.02738627429030694,-0.008323694420022823,-0.011209107987954001,-0.04574365390592147,0.509403149184799,0.4905968508152009,0.5089265436023216,0.49107345639767835,0.5086327785171612,0.4913672214828388
247,24,0.04183515955137811,0.004218127635955717,0.02738627429030694,-0.008323694420022823,-0.011209107987954001,-0.04574365390592147,0.509403149184799,0.4905968508152009,0.5089265436023216,0.49107345639767835,0.5086327785171612,0.4913672214828388
248,24,0.04183515955137811,0.004218127635955717,0.02738627429030694,-0.008323694420022823,-0.011209107987954001,-0.04574365390592147,0.509403149184799,0.4905968508152009,0.5089265436023216,0.49107345639767835,0.5086327785171612,0.4913672214828388
249,25,0.07248573490290695,-0.026432447715573085,0.0581232553715841,-0.03906067550129996,0.01958017038022459,-0.07653293227410006,0.5247094008800148,0.4752905991199852,0.524276878372621,0.4757231216273789,0.5240097955109444,0.4759902044890556
250,25,0.07248573490290695,-0.026432447715573085,0.0581232553715841,-0.03906067550129996,0.01958017038022459,-0.07653293227410006,0.5247094008800148,0.4752905991199852,0.524276878372621,0.4757231216273789,0.5240097955109444,0.4759902044890556
251,25,0.07248573490290695,-0.026432447715573085,0.0581232553715841,-0.03906067550129996,0.01958017038022459,-0.07653293227410006,0.5247094008800148,0.4752905991199852,0.524276878372621,0.4757231216273789,0.5240097955109444,0.4759902044890556
252,25,0.07248573490290695,-0.026432447715573085,0.0581232553715841,-0.03906067550129996,0.01958017038022459,-0.07653293227410006,0.5247094008800148,0.4752905991199852,0.524276878372621,0.4757231216273789,0.5240097955109444,0.4759902044890556
253,25,0.07248573490290695,-0.026432447715573085,0.0581232553715841,-0.03906067550129996,0.01958017038022459,-0.07653293227410006,0.5247094008800148,0.4752905991199852,0.524276878372621,0.4757231216273789,0.5240097955109444,0.4759902044890556
254,25,0.07248573490290695,-0.026432447715573085,0.0581232553715841,-0.03906067550129996,0.01958017038022459,-0.07653293227410006,0.5247094008800148,0.4752905991199852,0.524276878372621,0.4757231216273789,0.5240097955109444,0.4759902044890556
255,25,0.07248573490290695,-0.026432447715573085,0.0581232553715841,-0.03906067550129996,0.01958017038022459,-0.07653293227410006,0.5247094008800148,0.4752905991199852,0.524276878372621,0.4757231216273789,0.5240097955109444,0.4759902044890556
256,25,0.07248573490290695,-0.026432447715573085,0.0581232553715841,-0.03906067550129996,0.01958017038022459,-0.07653293227410006,0.5247094008800148,0.4752905991199852,0.524276878372621,0.4757231216273789,0.5240097955109444,0.4759902044890556
257,25,0.07248573490290695,-0.026432447715573085,0.0581232553715841,-0.03906067550129996,0.01958017038022459,-0.07653293227410006,0.5247094008800148,0.4752905991199852,0.524276878372621,0.4757231216273789,0.5240097955109444,0.4759902044890556
258,25,0.07248573490290695,-0.026432447715573085,0.0581232553715841,-0.03906067550129996,0.01958017038022459,-0.07653293227410006,0.5247094008800148,0.4752905991199852,0.524276878372621,0.4757231216273789,0.5240097955109444,0.4759902044890556
259,26,0.07398699206468623,-0.02793370487735236,0.05958460478169646,-0.040522024911412304,0.02102140884773054,-0.07797417074160601,0.5254581401505878,0.47454185984941233,0.525005778298724,0.47499422170127603,0.5247287028307375,0.4752712971692626
260,26,0.07398699206468623,-0.02793370487735236,0.05958460478169646,-0.040522024911412304,0.02102140884773054,-0.07797417074160601,0.5254581401505878,0.47454185984941233,0.525005778298724,0.47499422170127603,0.5247287028307375,0.4752712971692626
261,26,0.07398699206468623,-0.02793370487735236,0.05958460478169646,-0.040522024911412304,0.02102140884773054,-0.07797417074160601,0.5254581401505878,0.47454185984941233,0.525005778298724,0.47499422170127603,0.5247287028307375,0.4752712971692626
262,26,0.07398699206468623,-0.02793370487735236,0.05958460478169646,-0.040522024911412304,0.02102140884773054,-0.07797417074160601,0.5254581401505878,0.47454185984941233,0.525005778298724,0.47499422170127603,0.5247287028307375,0.4752712971692626
263,26,0.07398699206468623,-0.02793370487735236,0.05958460478169646,-0.040522024911412304,0.02102140884773054,-0.07797417074160601,0.5254581401505878,0.47454185984941233,0.525005778298724,0.47499422170127603,0.5247287028307375,0.4752712971692626
264,26,0.07398699206468623,-0.02793370487735236,0.05958460478169646,-0.040522024911412304,0.02102140884773054,-0.07797417074160601,0.5254581401505878,0.47454185984941233,0.525005778298724,0.47499422170127603,0.5247287028307375,0.4752712971692626
265,26,0.07398699206468623,-0.02793370487735236,0.05958460478169646,-0.040522024911412304,0.02102140884773054,-0.07797417074160601,0.5254581401505878,0.47454185984941233,0.525005778298724,0.47499422170127603,0.5247287028307375,0.4752712971692626
266,26,0.07398699206468623,-0.02793370487735236,0.05958460478169646,-0.040522024911412304,0.02102140884773054,-0.07797417074160601,0.5254581401505878,0.47454185984941233,0.525005778298724,0.47499422170127603,0.5247287028307375,0.4752712971692626
267,26,0.07398699206468623,-0.02793370487735236,0.05958460478169646,-0.040522024911412304,0.02102140884773054,-0.07797417074160601,0.5254581401505878,0.47454185984941233,0.525005778298724,0.47499422170127603,0.5247287028307375,0.4752712971692626
268,26,0.07398699206468623,-0.02793370487735236,0.05958460478169646,-0.040522024911412304,0.02102140884773054,-0.07797417074160601,0.5254581401505878,0.47454185984941233,0.525005778298724,0.47499422170127603,0.5247287028307375,0.4752712971692626
269,27,0.058889545288962945,-0.012836258101629134,0.04451572290810346,-0.025453143037819308,0.005966284403362783,-0.06291904629723827,0.5179237673022975,0.48207623269770256,0.5174850836756598,0.4825149163243401,0.5172145260321221,0.4827854739678778
270,27,0.058889545288962945,-0.012836258101629134,0.04451572290810346,-0.025453143037819308,0.005966284403362783,-0.06291904629723827,0.5179237673022975,0.48207623269770256,0.5174850836756598,0.4825149163243401,0.5172145260321221,0.4827854739678778
271,27,0.058889545288962945,-0.012836258101629134,0.04451572290810346,-0.025453143037819308,0.005966284403362783,-0.06291904629723827,0.5179237673022975,0.48207623269770256,0.5174850836756598,0.4825149163243401,0.5172145260321221,0.4827854739678778
272,27,0.058889545288962945,-0.012836258101629134,0.04451572290810346,-0.025453143037819308,0.005966284403362783,-0.06291904629723827,0.5179237673022975,0.48207623269770256,0.5174850836756598,0.4825149163243401,0.5172145260321221,0.4827854739678778
273,27,0.058889545288962945,-0.012836258101629134,0.04451572290810346,-0.025453143037819308,0.005966284403362783,-0.06291904629723827,0.5179237673022975,0.48207623269770256,0.5174850836756598,0.4825149163243401,0.5172145260321221,0.4827854739678778
274,27,0.058889545288962945,-0.012836258101629134,0.04451572290810346,-0.025453143037819308,0.005966284403362783,-0.06291904629723827,0.5179237673022975,0.48207623269770256,0.5174850836756598,0.4825149163243401,0.5172145260321221,0.4827854739678778
275,27,0.058889545288962945,-0.012836258101629134,0.04451572290810346,-0.025453143037819308,0.005966284403362783,-0.06291904629723827,0.5179237673022975,0.48207623269770256,0.5174850836756598,0.4825149163243401,0.5172145260321221,0.4827854739678778
276,27,0.058889545288962945,-0.012836258101629134,0.04451572290810346,-0.025453143037819308,0.005966284403362783,-0.06291904629723827,0.5179237673022975,0.48207623269770256,0.5174850836756598,0.4825149163243401,0.5172145260321221,0.4827854739678778
277,27,0.058889545288962945,-0.012836258101629134,0.04451572290810346,-0.025453143037819308,0.005966284403362783,-0.06291904629723827,0.5179237673022975,0.48207623269770256,0.5174850836756598,0.4825149163243401,0.5172145260321221,0.4827854739678778
278,27,0.058889545288962945,-0.012836258101629134,0.04451572290810346,-0.025453143037819308,0.005966284403362783,-0.06291904629723827,0.5179237673022975,0.48207623269770256,0.5174850836756598,0.4825149163243401,0.5172145260321221,0.4827854739678778
279,28,0.06576064035683875,-0.01970735316950497,0.051279560512017014,-0.032216980641732826,0.012661066645385612,-0.0696138285392611,0.5213540011108927,0.47864599888910736,0.5208620164345233,0.47913798356547677,0.5205571288991178,0.47944287110088235
280,28,0.06576064035683875,-0.01970735316950497,0.051279560512017014,-0.032216980641732826,0.012661066645385612,-0.0696138285392611,0.5213540011108927,0.47864599888910736,0.5208620164345233,0.47913798356547677,0.5205571288991178,0.47944287110088235
281,28,0.06576064035683875,-0.01970735316950497,0.051279560512017014,-0.032216980641732826,0.012661066645385612,-0.0696138285392611,0.5213540011108927,0.47864599888910736,0.5208620164345233,0.47913798356547677,0.5205571288991178,0.47944287110088235
282,28,0.06576064035683875,-0.01970735316950497,0.051279560512017014,-0.032216980641732826,0.012661066645385612,-0.0696138285392611,0.5213540011108927,0.47864599888910736,0.5208620164345233,0.47913798356547677,0.5205571288991178,0.47944287110088235
283,28,0.06576064035683875,-0.01970735316950497,0.051279560512017014,-0.032216980641732826,0.012661066645385612,-0.0696138285392611,0.5213540011108927,0.47864599888910736,0.5208620164345233,0.47913798356547677,0.5205571288991178,0.47944287110088235
284,28,0.06576064035683875,-0.01970735316950497,0.051279560512017014,-0.032216980641732826,0.012661066645385612,-0.0696138285392611,0.5213540011108927,0.47864599888910736,0.5208620164345233,0.47913798356547677,0.5205571288991178,0.47944287110088235
285,28,0.06576064035683875,-0.01970735316950497,0.051279560512017014,-0.032216980641732826,0.012661066645385612,-0.0696138285392611,0.5213540011108927,0.47864599888910736,0.5208620164345233,0.47913798356547677,0.5205571288991178,0.47944287110088235
286,28,0.06576064035683875,-0.01970735316950497,0.051279560512017014,-0.032216980641732826,0.012661066645385612,-0.0696138285392611,0.5213540011108927,0.47864599888910736,0.5208620164345233,0.47913798356547677,0.5205571288991178,0.47944287110088235
287,28,0.06576064035683875,-0.01970735316950497,0.051279560512017014,-0.032216980641732826,0.012661066645385612,-0.0696138285392611,0.5213540011108927,0.47864599888910736,0.5208620164345233,0.47913798356547677,0.5205571288991178,0.47944287110088235
288,28,0.06576064035683875,-0.01970735316950497,0.051279560512017014,-0.032216980641732826,0.012661066645385612,-0.0696138285392611,0.5213540011108927,0.47864599888910736,0.5208620164345233,0.47913798356547677,0.5205571288991178,0.47944287110088235
289,29,0.03456218414373237,0.011491103043601368,0.020288297947284536,-0.001225718077000365,-0.01820137717837995,-0.03875138471549557,0.5057675144520936,0.4942324855479065,0.505378296560998,0.494621703439002,0.505137321093457,0.494862678906543
290,29,0.03456218414373237,0.011491103043601368,0.020288297947284536,-0.001225718077000365,-0.01820137717837995,-0.03875138471549557,0.5057675144520936,0.4942324855479065,0.505378296560998,0.494621703439002,0.505137321093457,0.494862678906543
291,29,0.03456218414373237,0.011491103043601368,0.020288297947284536,-0.001225718077000365,-0.01820137717837995,-0.03875138471549557,0.5057675144520936,0.4942324855479065,0.505378296560998,0.494621703439002,0.505137321093457,0.494862678906543
292,29,0.03456218414373237,0.011491103043601368,0.020288297947284536,-0.001225718077000365,-0.01820137717837995,-0.03875138471549557,0.5057675144520936,0.4942324855479065,0.505378296560998,0.494621703439002,0.505137321093457,0.494862678906543
293,29,0.03456218414373237,0.011491103043601368,0.020288297947284536,-0.001225718077000365,-0.01820137717837995,-0.03875138471549557,0.5057675144520936,0.4942324855479065,0.505378296560998,0.494621703439002,0.505137321093457,0.494862678906543
294,29,0.03456218414373237,0.011491103043601368,0.020288297947284536,-0.001225718077000365,-0.01820137717837995,-0.03875138471549557,0.5057675144520936,0.4942324855479065,0.505378296560998,0.494621703439002,0.505137321093457,0.494862678906543
295,29,0.03456218414373237,0.011491103043601368,0.020288297947284536,-0.001225718077000365,-0.01820137717837995,-0.03875138471549557,0.5057675144520936,0.4942324855479065,0.505378296560998,0.494621703439002,0.505137321093457,0.494862678906543
296,29,0.03456218414373237,0.011491103043601368,0.020288297947284536,-0.001225718077000365,-0.01820137717837995,-0.03875138471549557,0.5057675144520936,0.4942324855479065,0.505378296560998,0.494621703439002,0.505137321093457,0.494862678906543
297,29,0.03456218414373237,0.011491103043601368,0.020288297947284536,-0.001225718077000365,-0.01820137717837995,-0.03875138471549557,0.5057675144520936,0.4942324855479065,0.505378296560998,0.494621703439002,0.505137321093457,0.494862678906543
298,29,0.03456218414373237,0.011491103043601368,0.020288297947284536,-0.001225718077000365,-0.01820137717837995,-0.03875138471549557,0.5057675144520936,0.4942324855479065,0.505378296560998,0.494621703439002,0.505137321093457,0.494862678906543
299,30,0.02555675169055544,0.020496535496778254,0.011434435875640933,0.007628143994643238,-0.02696424106748238,-0.029988520826393146,0.5012650513490591,0.4987349486509409,0.5009515718213966,0.4990484281786034,0.50075606936346,0.49924393063653993