belief_updates_enabled,belief_variant,experiment,final_mce,focal_mean_payoff_per_round,mean_payoff_per_agent_per_round,metrics_num_true_types,num_prototypes,observability,p_obs,payoff_game,run_dir,seed
True,,k_misspec,0.7136558395112778,1.247,1.9788192128085391,2,1,full,1.0,prisoners_dilemma,/Users/jainendra/Documents/Cursor/ESL/runs/m7_full/milestone6/exp2_k_misspec/k_model_1/seed_0,0
True,,k_misspec,0.728419236132658,1.257,1.9907038512616202,2,1,full,1.0,prisoners_dilemma,/Users/jainendra/Documents/Cursor/ESL/runs/m7_full/milestone6/exp2_k_misspec/k_model_1/seed_1,1
True,,k_misspec,0.751977704613291,1.232,1.936063936063936,2,1,full,1.0,prisoners_dilemma,/Users/jainendra/Documents/Cursor/ESL/runs/m7_full/milestone6/exp2_k_misspec/k_model_1/seed_2,2
True,,k_misspec,0.7473390772563057,1.3365,1.969702042182792,2,1,full,1.0,prisoners_dilemma,/Users/jainendra/Documents/Cursor/ESL/runs/m7_full/milestone6/exp2_k_misspec/k_model_1/seed_3,3
True,,k_misspec,0.7403024166349125,1.2825,1.9567468269873078,2,1,full,1.0,prisoners_dilemma,/Users/jainendra/Documents/Cursor/ESL/runs/m7_full/milestone6/exp2_k_misspec/k_model_1/seed_4,4
True,,k_misspec,0.7525396027481751,1.2965,1.9731610337972167,2,1,full,1.0,prisoners_dilemma,/Users/jainendra/Documents/Cursor/ESL/runs/m7_full/milestone6/exp2_k_misspec/k_model_1/seed_5,5
True,,k_misspec,0.7651695489703516,1.2235,1.9486531986531987,2,1,full,1.0,prisoners_dilemma,/Users/jainendra/Documents/Cursor/ESL/runs/m7_full/milestone6/exp2_k_misspec/k_model_1/seed_6,6
True,,k_misspec,0.7448998349938404,1.278,1.946969696969697,2,1,full,1.0,prisoners_dilemma,/Users/jainendra/Documents/Cursor/ESL/runs/m7_full/milestone6/exp2_k_misspec/k_model_1/seed_7,7
True,,k_misspec,0.7402867507165218,1.216,1.9599733155436958,2,1,full,1.0,prisoners_dilemma,/Users/jainendra/Documents/Cursor/ESL/runs/m7_full/milestone6/exp2_k_misspec/k_model_1/seed_8,8
True,,k_misspec,0.7668094159719296,1.197,1.958444592790387,2,1,full,1.0,prisoners_dilemma,/Users/jainendra/Documents/Cursor/ESL/runs/m7_full/milestone6/exp2_k_misspec/k_model_1/seed_9,9
True,,k_misspec,0.03139995174459945,1.247,1.9898299433144382,2,2,full,1.0,prisoners_dilemma,/Users/jainendra/Documents/Cursor/ESL/runs/m7_full/milestone6/exp2_k_misspec/k_model_2/seed_0,0
True,,k_misspec,0.02983589983006553,1.264,1.999003984063745,2,2,full,1.0,prisoners_dilemma,/Users/jainendra/Documents/Cursor/ESL/runs/m7_full/milestone6/exp2_k_misspec/k_model_2/seed_1,1
True,,k_misspec,0.032668629439696555,1.2365,1.944055944055944,2,2,full,1.0,prisoners_dilemma,/Users/jainendra/Documents/Cursor/ESL/runs/m7_full/milestone6/exp2_k_misspec/k_model_2/seed_2,2
True,,k_misspec,0.029530832255825853,1.3365,1.9854368932038835,2,2,full,1.0,prisoners_dilemma,/Users/jainendra/Documents/Cursor/ESL/runs/m7_full/milestone6/exp2_k_misspec/k_model_2/seed_3,3
True,,k_misspec,0.034406249418675275,1.2835,1.9662545940527898,2,2,full,1.0,prisoners_dilemma,/Users/jainendra/Documents/Cursor/ESL/runs/m7_full/milestone6/exp2_k_misspec/k_model_2/seed_4,4
True,,k_misspec,0.02983608201916665,1.2905,1.9885723749585955,2,2,full,1.0,prisoners_dilemma,/Users/jainendra/Documents/Cursor/ESL/runs/m7_full/milestone6/exp2_k_misspec/k_model_2/seed_5,5
True,,k_misspec,0.028566601958913515,1.2265,1.9601278600269179,2,2,full,1.0,prisoners_dilemma,/Users/jainendra/Documents/Cursor/ESL/runs/m7_full/milestone6/exp2_k_misspec/k_model_2/seed_6,6
True,,k_misspec,0.031528420588161056,1.2795,1.9547138047138046,2,2,full,1.0,prisoners_dilemma,/Users/jainendra/Documents/Cursor/ESL/runs/m7_full/milestone6/exp2_k_misspec/k_model_2/seed_7,7
True,,k_misspec,0.03399601609973693,1.224,1.9671557185728576,2,2,full,1.0,prisoners_dilemma,/Users/jainendra/Documents/Cursor/ESL/runs/m7_full/milestone6/exp2_k_misspec/k_model_2/seed_8,8
True,,k_misspec,0.03171921307788936,1.204,1.964440734557596,2,2,full,1.0,prisoners_dilemma,/Users/jainendra/Documents/Cursor/ESL/runs/m7_full/milestone6/exp2_k_misspec/k_model_2/seed_9,9
True,,k_misspec,0.02911047635867883,1.251,1.9893333333333334,2,3,full,1.0,prisoners_dilemma,/Users/jainendra/Documents/Cursor/ESL/runs/m7_full/milestone6/exp2_k_misspec/k_model_3/seed_0,0
True,,k_misspec,0.031503192264430685,1.2525,1.9981745768337205,2,3,full,1.0,prisoners_dilemma,/Users/jainendra/Documents/Cursor/ESL/runs/m7_full/milestone6/exp2_k_misspec/k_model_3/seed_1,1
True,,k_misspec,0.036185957933299026,1.2365,1.944055944055944,2,3,full,1.0,prisoners_dilemma,/Users/jainendra/Documents/Cursor/ESL/runs/m7_full/milestone6/exp2_k_misspec/k_model_3/seed_2,2
True,,k_misspec,0.02907076848706716,1.338,1.984103078982597,2,3,full,1.0,prisoners_dilemma,/Users/jainendra/Documents/Cursor/ESL/runs/m7_full/milestone6/exp2_k_misspec/k_model_3/seed_3,3
True,,k_misspec,0.04328406678141129,1.285,1.9650851987971933,2,3,full,1.0,prisoners_dilemma,/Users/jainendra/Documents/Cursor/ESL/runs/m7_full/milestone6/exp2_k_misspec/k_model_3/seed_4,4
True,,k_misspec,0.03307372446306761,1.3,1.9870946393117142,2,3,full,1.0,prisoners_dilemma,/Users/jainendra/Documents/Cursor/ESL/runs/m7_full/milestone6/exp2_k_misspec/k_model_3/seed_5,5
True,,k_misspec,0.02993814369653866,1.228,1.9584594685502859,2,3,full,1.0,prisoners_dilemma,/Users/jainendra/Documents/Cursor/ESL/runs/m7_full/milestone6/exp2_k_misspec/k_model_3/seed_6,6
True,,k_misspec,0.04173564255658574,1.2815,1.9523729384045776,2,3,full,1.0,prisoners_dilemma,/Users/jainendra/Documents/Cursor/ESL/runs/m7_full/milestone6/exp2_k_misspec/k_model_3/seed_7,7
True,,k_misspec,0.028544701718535917,1.2175,1.966966966966967,2,3,full,1.0,prisoners_dilemma,/Users/jainendra/Documents/Cursor/ESL/runs/m7_full/milestone6/exp2_k_misspec/k_model_3/seed_8,8
True,,k_misspec,0.032410820509837006,1.207,1.9631051752921536,2,3,full,1.0,prisoners_dilemma,/Users/jainendra/Documents/Cursor/ESL/runs/m7_full/milestone6/exp2_k_misspec/k_model_3/seed_9,9
True,,k_misspec,0.04057067767419034,1.235,1.9883060474440362,2,5,full,1.0,prisoners_dilemma,/Users/jainendra/Documents/Cursor/ESL/runs/m7_full/milestone6/exp2_k_misspec/k_model_5/seed_0,0
True,,k_misspec,0.04188731533147712,1.254,1.9950215731828742,2,5,full,1.0,prisoners_dilemma,/Users/jainendra/Documents/Cursor/ESL/runs/m7_full/milestone6/exp2_k_misspec/k_model_5/seed_1,1
True,,k_misspec,0.03537254315778125,1.24,1.9433899433899433,2,5,full,1.0,prisoners_dilemma,/Users/jainendra/Documents/Cursor/ESL/runs/m7_full/milestone6/exp2_k_misspec/k_model_5/seed_2,2
True,,k_misspec,0.028630455713630158,1.331,1.981921660528959,2,5,full,1.0,prisoners_dilemma,/Users/jainendra/Documents/Cursor/ESL/runs/m7_full/milestone6/exp2_k_misspec/k_model_5/seed_3,3
True,,k_misspec,0.038914522608011856,1.2755,1.9591257924591259,2,5,full,1.0,prisoners_dilemma,/Users/jainendra/Documents/Cursor/ESL/runs/m7_full/milestone6/exp2_k_misspec/k_model_5/seed_4,4
True,,k_misspec,0.04765144110324787,1.2995,1.9859318106587223,2,5,full,1.0,prisoners_dilemma,/Users/jainendra/Documents/Cursor/ESL/runs/m7_full/milestone6/exp2_k_misspec/k_model_5/seed_5,5
True,,k_misspec,0.050011091280990946,1.23,1.9564705882352942,2,5,full,1.0,prisoners_dilemma,/Users/jainendra/Documents/Cursor/ESL/runs/m7_full/milestone6/exp2_k_misspec/k_model_5/seed_6,6
True,,k_misspec,0.03507678578704577,1.2855,1.9545607539548973,2,5,full,1.0,prisoners_dilemma,/Users/jainendra/Documents/Cursor/ESL/runs/m7_full/milestone6/exp2_k_misspec/k_model_5/seed_7,7
True,,k_misspec,0.04211642773589109,1.2185,1.9659773182121414,2,5,full,1.0,prisoners_dilemma,/Users/jainendra/Documents/Cursor/ESL/runs/m7_full/milestone6/exp2_k_misspec/k_model_5/seed_8,8
True,,k_misspec,0.03284677203310801,1.207,1.9642737896494158,2,5,full,1.0,prisoners_dilemma,/Users/jainendra/Documents/Cursor/ESL/runs/m7_full/milestone6/exp2_k_misspec/k_model_5/seed_9,9
True,,p_obs,0.03139995174459945,1.247,1.9898299433144382,2,2,full,1.0,prisoners_dilemma,/Users/jainendra/Documents/Cursor/ESL/runs/m7_full/milestone6/exp3_p_obs/p_obs_1p0/seed_0,0
True,,p_obs,0.02983589983006553,1.264,1.999003984063745,2,2,full,1.0,prisoners_dilemma,/Users/jainendra/Documents/Cursor/ESL/runs/m7_full/milestone6/exp3_p_obs/p_obs_1p0/seed_1,1
True,,p_obs,0.032668629439696555,1.2365,1.944055944055944,2,2,full,1.0,prisoners_dilemma,/Users/jainendra/Documents/Cursor/ESL/runs/m7_full/milestone6/exp3_p_obs/p_obs_1p0/seed_2,2
True,,p_obs,0.029530832255825853,1.3365,1.9854368932038835,2,2,full,1.0,prisoners_dilemma,/Users/jainendra/Documents/Cursor/ESL/runs/m7_full/milestone6/exp3_p_obs/p_obs_1p0/seed_3,3
True,,p_obs,0.034406249418675275,1.2835,1.9662545940527898,2,2,full,1.0,prisoners_dilemma,/Users/jainendra/Documents/Cursor/ESL/runs/m7_full/milestone6/exp3_p_obs/p_obs_1p0/seed_4,4
True,,p_obs,0.02983608201916665,1.2905,1.9885723749585955,2,2,full,1.0,prisoners_dilemma,/Users/jainendra/Documents/Cursor/ESL/runs/m7_full/milestone6/exp3_p_obs/p_obs_1p0/seed_5,5
True,,p_obs,0.028566601958913515,1.2265,1.9601278600269179,2,2,full,1.0,prisoners_dilemma,/Users/jainendra/Documents/Cursor/ESL/runs/m7_full/milestone6/exp3_p_obs/p_obs_1p0/seed_6,6
True,,p_obs,0.031528420588161056,1.2795,1.9547138047138046,2,2,full,1.0,prisoners_dilemma,/Users/jainendra/Documents/Cursor/ESL/runs/m7_full/milestone6/exp3_p_obs/p_obs_1p0/seed_7,7
True,,p_obs,0.03399601609973693,1.224,1.9671557185728576,2,2,full,1.0,prisoners_dilemma,/Users/jainendra/Documents/Cursor/ESL/runs/m7_full/milestone6/exp3_p_obs/p_obs_1p0/seed_8,8
True,,p_obs,0.03171921307788936,1.204,1.964440734557596,2,2,full,1.0,prisoners_dilemma,/Users/jainendra/Documents/Cursor/ESL/runs/m7_full/milestone6/exp3_p_obs/p_obs_1p0/seed_9,9
True,,p_obs,0.04981982211118812,1.325,1.98812351543943,2,2,sparse,0.75,prisoners_dilemma,/Users/jainendra/Documents/Cursor/ESL/runs/m7_full/milestone6/exp3_p_obs/p_obs_0p75/seed_0,0
True,,p_obs,0.041094875977679426,1.2645,1.9621440536013401,2,2,sparse,0.75,prisoners_dilemma,/Users/jainendra/Documents/Cursor/ESL/runs/m7_full/milestone6/exp3_p_obs/p_obs_0p75/seed_1,1
True,,p_obs,0.04016017577353786,1.313,1.9707154742096507,2,2,sparse,0.75,prisoners_dilemma,/Users/jainendra/Documents/Cursor/ESL/runs/m7_full/milestone6/exp3_p_obs/p_obs_0p75/seed_2,2
True,,p_obs,0.03977154996857959,1.211,1.9764135162261627,2,2,sparse,0.75,prisoners_dilemma,/Users/jainendra/Documents/Cursor/ESL/runs/m7_full/milestone6/exp3_p_obs/p_obs_0p75/seed_3,3
True,,p_obs,0.04249387919314217,1.2705,1.9871751603104961,2,2,sparse,0.75,prisoners_dilemma,/Users/jainendra/Documents/Cursor/ESL/runs/m7_full/milestone6/exp3_p_obs/p_obs_0p75/seed_4,4
True,,p_obs,0.04550166739761391,1.2915,1.9763245033112582,2,2,sparse,0.75,prisoners_dilemma,/Users/jainendra/Documents/Cursor/ESL/runs/m7_full/milestone6/exp3_p_obs/p_obs_0p75/seed_5,5
True,,p_obs,0.04943401261701355,1.2265,1.9764547595021864,2,2,sparse,0.75,prisoners_dilemma,/Users/jainendra/Documents/Cursor/ESL/runs/m7_full/milestone6/exp3_p_obs/p_obs_0p75/seed_6,6
True,,p_obs,0.050467729113623926,1.2615,1.9786950732356858,2,2,sparse,0.75,prisoners_dilemma,/Users/jainendra/Documents/Cursor/ESL/runs/m7_full/milestone6/exp3_p_obs/p_obs_0p75/seed_7,7
True,,p_obs,0.05921266970228327,1.283,1.984984984984985,2,2,sparse,0.75,prisoners_dilemma,/Users/jainendra/Documents/Cursor/ESL/runs/m7_full/milestone6/exp3_p_obs/p_obs_0p75/seed_8,8
True,,p_obs,0.05132672756737081,1.2665,1.9671447631754504,2,2,sparse,0.75,prisoners_dilemma,/Users/jainendra/Documents/Cursor/ESL/runs/m7_full/milestone6/exp3_p_obs/p_obs_0p75/seed_9,9
True,,p_obs,0.0798834646834608,1.324,1.9865965388530709,2,2,sparse,0.5,prisoners_dilemma,/Users/jainendra/Documents/Cursor/ESL/runs/m7_full/milestone6/exp3_p_obs/p_obs_0p5/seed_0,0
True,,p_obs,0.08538520421778337,1.264,1.9592964824120602,2,2,sparse,0.5,prisoners_dilemma,/Users/jainendra/Documents/Cursor/ESL/runs/m7_full/milestone6/exp3_p_obs/p_obs_0p5/seed_1,1
True,,p_obs,0.10027894550641549,1.31,1.9687188019966722,2,2,sparse,0.5,prisoners_dilemma,/Users/jainendra/Documents/Cursor/ESL/runs/m7_full/milestone6/exp3_p_obs/p_obs_0p5/seed_2,2
True,,p_obs,0.08799121224968764,1.2065,1.9742388758782201,2,2,sparse,0.5,prisoners_dilemma,/Users/jainendra/Documents/Cursor/ESL/runs/m7_full/milestone6/exp3_p_obs/p_obs_0p5/seed_3,3
True,,p_obs,0.09000385383353755,1.2675,1.9851501856226796,2,2,sparse,0.5,prisoners_dilemma,/Users/jainendra/Documents/Cursor/ESL/runs/m7_full/milestone6/exp3_p_obs/p_obs_0p5/seed_4,4
True,,p_obs,0.09135886669375545,1.2865,1.9763245033112582,2,2,sparse,0.5,prisoners_dilemma,/Users/jainendra/Documents/Cursor/ESL/runs/m7_full/milestone6/exp3_p_obs/p_obs_0p5/seed_5,5
True,,p_obs,0.07422628527706165,1.226,1.9752774974772958,2,2,sparse,0.5,prisoners_dilemma,/Users/jainendra/Documents/Cursor/ESL/runs/m7_full/milestone6/exp3_p_obs/p_obs_0p5/seed_6,6
True,,p_obs,0.08792789491952206,1.263,1.975532623169108,2,2,sparse,0.5,prisoners_dilemma,/Users/jainendra/Documents/Cursor/ESL/runs/m7_full/milestone6/exp3_p_obs/p_obs_0p5/seed_7,7
True,,p_obs,0.11086522342699819,1.2835,1.9828161494828163,2,2,sparse,0.5,prisoners_dilemma,/Users/jainendra/Documents/Cursor/ESL/runs/m7_full/milestone6/exp3_p_obs/p_obs_0p5/seed_8,8
True,,p_obs,0.08963544106210716,1.266,1.9634756504336224,2,2,sparse,0.5,prisoners_dilemma,/Users/jainendra/Documents/Cursor/ESL/runs/m7_full/milestone6/exp3_p_obs/p_obs_0p5/seed_9,9
True,,p_obs,0.4588511577430351,1.322,1.9801493043773328,2,2,sparse,0.25,prisoners_dilemma,/Users/jainendra/Documents/Cursor/ESL/runs/m7_full/milestone6/exp3_p_obs/p_obs_0p25/seed_0,0
True,,p_obs,0.49060806817843516,1.2555,1.9544388609715242,2,2,sparse,0.25,prisoners_dilemma,/Users/jainendra/Documents/Cursor/ESL/runs/m7_full/milestone6/exp3_p_obs/p_obs_0p25/seed_1,1
True,,p_obs,0.3361642919531513,1.3105,1.9640599001663894,2,2,sparse,0.25,prisoners_dilemma,/Users/jainendra/Documents/Cursor/ESL/runs/m7_full/milestone6/exp3_p_obs/p_obs_0p25/seed_2,2
True,,p_obs,0.24983202587794762,1.205,1.9715623954499832,2,2,sparse,0.25,prisoners_dilemma,/Users/jainendra/Documents/Cursor/ESL/runs/m7_full/milestone6/exp3_p_obs/p_obs_0p25/seed_3,3
True,,p_obs,0.30375696203779884,1.258,1.982956463044212,2,2,sparse,0.25,prisoners_dilemma,/Users/jainendra/Documents/Cursor/ESL/runs/m7_full/milestone6/exp3_p_obs/p_obs_0p25/seed_4,4
True,,p_obs,0.30542357803827574,1.275,1.9753311258278146,2,2,sparse,0.25,prisoners_dilemma,/Users/jainendra/Documents/Cursor/ESL/runs/m7_full/milestone6/exp3_p_obs/p_obs_0p25/seed_5,5
True,,p_obs,0.2585219897927884,1.2235,1.9693911873528422,2,2,sparse,0.25,prisoners_dilemma,/Users/jainendra/Documents/Cursor/ESL/runs/m7_full/milestone6/exp3_p_obs/p_obs_0p25/seed_6,6
True,,p_obs,0.2526965126331704,1.26,1.9735352862849533,2,2,sparse,0.25,prisoners_dilemma,/Users/jainendra/Documents/Cursor/ESL/runs/m7_full/milestone6/exp3_p_obs/p_obs_0p25/seed_7,7
True,,p_obs,0.36514673621826693,1.2805,1.97997997997998,2,2,sparse,0.25,prisoners_dilemma,/Users/jainendra/Documents/Cursor/ESL/runs/m7_full/milestone6/exp3_p_obs/p_obs_0p25/seed_8,8
True,,p_obs,0.30245875001310357,1.2695,1.9566377585056705,2,2,sparse,0.25,prisoners_dilemma,/Users/jainendra/Documents/Cursor/ESL/runs/m7_full/milestone6/exp3_p_obs/p_obs_0p25/seed_9,9
True,bayes_on,belief_ablation,0.03139995174459945,1.247,1.9898299433144382,2,2,full,1.0,prisoners_dilemma,/Users/jainendra/Documents/Cursor/ESL/runs/m7_full/milestone6/exp4_belief_ablation/bayes_on/seed_0,0
True,bayes_on,belief_ablation,0.02983589983006553,1.264,1.999003984063745,2,2,full,1.0,prisoners_dilemma,/Users/jainendra/Documents/Cursor/ESL/runs/m7_full/milestone6/exp4_belief_ablation/bayes_on/seed_1,1
True,bayes_on,belief_ablation,0.032668629439696555,1.2365,1.944055944055944,2,2,full,1.0,prisoners_dilemma,/Users/jainendra/Documents/Cursor/ESL/runs/m7_full/milestone6/exp4_belief_ablation/bayes_on/seed_2,2
True,bayes_on,belief_ablation,0.029530832255825853,1.3365,1.9854368932038835,2,2,full,1.0,prisoners_dilemma,/Users/jainendra/Documents/Cursor/ESL/runs/m7_full/milestone6/exp4_belief_ablation/bayes_on/seed_3,3
True,bayes_on,belief_ablation,0.034406249418675275,1.2835,1.9662545940527898,2,2,full,1.0,prisoners_dilemma,/Users/jainendra/Documents/Cursor/ESL/runs/m7_full/milestone6/exp4_belief_ablation/bayes_on/seed_4,4
True,bayes_on,belief_ablation,0.02983608201916665,1.2905,1.9885723749585955,2,2,full,1.0,prisoners_dilemma,/Users/jainendra/Documents/Cursor/ESL/runs/m7_full/milestone6/exp4_belief_ablation/bayes_on/seed_5,5
True,bayes_on,belief_ablation,0.028566601958913515,1.2265,1.9601278600269179,2,2,full,1.0,prisoners_dilemma,/Users/jainendra/Documents/Cursor/ESL/runs/m7_full/milestone6/exp4_belief_ablation/bayes_on/seed_6,6
True,bayes_on,belief_ablation,0.031528420588161056,1.2795,1.9547138047138046,2,2,full,1.0,prisoners_dilemma,/Users/jainendra/Documents/Cursor/ESL/runs/m7_full/milestone6/exp4_belief_ablation/bayes_on/seed_7,7
True,bayes_on,belief_ablation,0.03399601609973693,1.224,1.9671557185728576,2,2,full,1.0,prisoners_dilemma,/Users/jainendra/Documents/Cursor/ESL/runs/m7_full/milestone6/exp4_belief_ablation/bayes_on/seed_8,8
True,bayes_on,belief_ablation,0.03171921307788936,1.204,1.964440734557596,2,2,full,1.0,prisoners_dilemma,/Users/jainendra/Documents/Cursor/ESL/runs/m7_full/milestone6/exp4_belief_ablation/bayes_on/seed_9,9
False,uniform_beliefs,belief_ablation,0.7194061680125781,1.2455,1.9779926642214072,2,2,full,1.0,prisoners_dilemma,/Users/jainendra/Documents/Cursor/ESL/runs/m7_full/milestone6/exp4_belief_ablation/uniform_beliefs/seed_0,0
False,uniform_beliefs,belief_ablation,0.7265102665486064,1.2565,1.9907038512616202,2,2,full,1.0,prisoners_dilemma,/Users/jainendra/Documents/Cursor/ESL/runs/m7_full/milestone6/exp4_belief_ablation/uniform_beliefs/seed_1,1
False,uniform_beliefs,belief_ablation,0.7562201975762279,1.2325,1.9355644355644355,2,2,full,1.0,prisoners_dilemma,/Users/jainendra/Documents/Cursor/ESL/runs/m7_full/milestone6/exp4_belief_ablation/uniform_beliefs/seed_2,2
False,uniform_beliefs,belief_ablation,0.7475026148347287,1.3455,1.9705390023434886,2,2,full,1.0,prisoners_dilemma,/Users/jainendra/Documents/Cursor/ESL/runs/m7_full/milestone6/exp4_belief_ablation/uniform_beliefs/seed_3,3
False,uniform_beliefs,belief_ablation,0.74332340779105,1.278,1.9567323755429336,2,2,full,1.0,prisoners_dilemma,/Users/jainendra/Documents/Cursor/ESL/runs/m7_full/milestone6/exp4_belief_ablation/uniform_beliefs/seed_4,4
False,uniform_beliefs,belief_ablation,0.745929042180038,1.2955,1.9728386883073865,2,2,full,1.0,prisoners_dilemma,/Users/jainendra/Documents/Cursor/ESL/runs/m7_full/milestone6/exp4_belief_ablation/uniform_beliefs/seed_5,5
False,uniform_beliefs,belief_ablation,0.7460452609886727,1.2235,1.9480148048452222,2,2,full,1.0,prisoners_dilemma,/Users/jainendra/Documents/Cursor/ESL/runs/m7_full/milestone6/exp4_belief_ablation/uniform_beliefs/seed_6,6
False,uniform_beliefs,belief_ablation,0.7409308617540631,1.276,1.9473063973063973,2,2,full,1.0,prisoners_dilemma,/Users/jainendra/Documents/Cursor/ESL/runs/m7_full/milestone6/exp4_belief_ablation/uniform_beliefs/seed_7,7
False,uniform_beliefs,belief_ablation,0.7439078787634046,1.219,1.9596532177392465,2,2,full,1.0,prisoners_dilemma,/Users/jainendra/Documents/Cursor/ESL/runs/m7_full/milestone6/exp4_belief_ablation/uniform_beliefs/seed_8,8
False,uniform_beliefs,belief_ablation,0.7548986711623464,1.198,1.9562604340567613,2,2,full,1.0,prisoners_dilemma,/Users/jainendra/Documents/Cursor/ESL/runs/m7_full/milestone6/exp4_belief_ablation/uniform_beliefs/seed_9,9
True,,matching_pennies,0.026127421108451725,0.4225,0.0,2,2,full,1.0,matching_pennies,/Users/jainendra/Documents/Cursor/ESL/runs/m7_full/milestone6/exp5_matching_pennies/seed_0,0
True,,matching_pennies,0.025260506694307648,0.403,0.0,2,2,full,1.0,matching_pennies,/Users/jainendra/Documents/Cursor/ESL/runs/m7_full/milestone6/exp5_matching_pennies/seed_1,1
True,,matching_pennies,0.026053284685498623,0.439,0.0,2,2,full,1.0,matching_pennies,/Users/jainendra/Documents/Cursor/ESL/runs/m7_full/milestone6/exp5_matching_pennies/seed_2,2
True,,matching_pennies,0.023002732076197942,0.451,0.0,2,2,full,1.0,matching_pennies,/Users/jainendra/Documents/Cursor/ESL/runs/m7_full/milestone6/exp5_matching_pennies/seed_3,3
True,,matching_pennies,0.027212880023372476,0.4245,0.0,2,2,full,1.0,matching_pennies,/Users/jainendra/Documents/Cursor/ESL/runs/m7_full/milestone6/exp5_matching_pennies/seed_4,4
True,,matching_pennies,0.02419816179430441,0.447,0.0,2,2,full,1.0,matching_pennies,/Users/jainendra/Documents/Cursor/ESL/runs/m7_full/milestone6/exp5_matching_pennies/seed_5,5
True,,matching_pennies,0.027935912813305694,0.417,0.0,2,2,full,1.0,matching_pennies,/Users/jainendra/Documents/Cursor/ESL/runs/m7_full/milestone6/exp5_matching_pennies/seed_6,6
True,,matching_pennies,0.03356716364135411,0.3895,0.0,2,2,full,1.0,matching_pennies,/Users/jainendra/Documents/Cursor/ESL/runs/m7_full/milestone6/exp5_matching_pennies/seed_7,7
True,,matching_pennies,0.03087119204122437,0.3915,0.0,2,2,full,1.0,matching_pennies,/Users/jainendra/Documents/Cursor/ESL/runs/m7_full/milestone6/exp5_matching_pennies/seed_8,8
True,,matching_pennies,0.024634417424325112,0.425,0.0,2,2,full,1.0,matching_pennies,/Users/jainendra/Documents/Cursor/ESL/runs/m7_full/milestone6/exp5_matching_pennies/seed_9,9
