prototype_update_index_m,env_round_ended,final_flush,prototype_update_norm,batch_size,batch_unique_ordered_pairs,batch_mean_b_snap_k0,batch_mean_b_snap_k1,batch_mean_b_snap_k2,batch_mean_b_snap_k3,batch_mean_b_snap_k4,batch_delta_resp,batch_mean_b_snap_entropy,batch_frac_argmax_k0,batch_frac_argmax_k1,batch_frac_argmax_k2,batch_frac_argmax_k3,batch_frac_argmax_k4,softmax_k0_a0,softmax_k0_a1,softmax_k1_a0,softmax_k1_a1,softmax_k2_a0,softmax_k2_a1,softmax_k3_a0,softmax_k3_a1,softmax_k4_a0,softmax_k4_a1
0,9,False,1.7521233252812458,87,87,0.19999999999999965,0.19999999999999965,0.19999999999999965,0.19999999999999965,0.19999999999999965,0.0,1.609437912434101,1.0,0.0,0.0,0.0,0.0,0.7618056141002503,0.2381943858997497,0.755407866032325,0.24459213396767499,0.7513361042513736,0.2486638957486264,0.7500207723787552,0.24997922762124486,0.7126723425065763,0.2873276574934237
1,19,False,0.7542844795871267,116,111,0.19985919173846978,0.1999207161784406,0.19995891455020287,0.19997110125009412,0.20029007628279072,6.152443997081702e-05,1.6093869768067564,0.9568965517241379,0.0,0.0,0.0,0.04310344827586207,0.6500848292529415,0.3499151707470585,0.648975862622851,0.35102413737714905,0.6483421495000086,0.3516578504999914,0.648149010700198,0.351850989299802,0.6447567499830975,0.3552432500169025
2,29,False,0.13705751716736958,111,110,0.19968721723315866,0.1998197947693473,0.19990318681974484,0.19992996536693042,0.20065983581081692,0.00013257753618864387,1.6093842587833347,0.954954954954955,0.0,0.0,0.0,0.04504504504504504,0.628843240119718,0.37115675988028196,0.6284553563979992,0.3715446436020008,0.6282282383109652,0.37177176168903486,0.6281580036028321,0.3718419963971679,0.6267094905976717,0.3732905094023283
3,39,False,0.2401144721291614,93,92,0.20027665552871954,0.20016032834897357,0.2000869246793944,0.20006331563964114,0.1994127758032698,0.00011632717974596751,1.609394416038205,0.989247311827957,0.0,0.0,0.0,0.010752688172043012,0.6633819713854624,0.33661802861453766,0.6631185161311887,0.3368814838688112,0.6629584635701483,0.3370415364298517,0.6629079713599202,0.3370920286400798,0.6616865591149728,0.3383134408850272
4,49,False,0.32354222481982814,94,93,0.19986642367891388,0.19991849331247905,0.19995224939237172,0.19996325951293217,0.20029957410330168,5.206963356516048e-05,1.6092934265151757,0.9148936170212766,0.0,0.0,0.0,0.0851063829787234,0.6161243392193965,0.3838756607806035,0.6159258058496888,0.3840741941503111,0.6158030514464033,0.3841969485535967,0.6157639591566164,0.3842360408433835,0.6147456254616248,0.38525437453837524
5,59,False,0.009743278848247465,105,103,0.2000130285444223,0.20000776664693257,0.20000441128195898,0.20000332532308523,0.1999714682035994,5.261897489727829e-06,1.6093621372325926,0.9238095238095239,0.0,0.0,0.0,0.0761904761904762,0.6171508734161211,0.38284912658387893,0.6171126723991626,0.3828873276008374,0.6170900571946992,0.38290994280530083,0.6170830179614826,0.3829169820385175,0.6169274875403856,0.3830725124596145
6,69,False,0.08557839619626956,98,96,0.1995893999663876,0.19976864011800344,0.19987996790379417,0.1999154925812808,0.20084649943053282,0.00017924015161582818,1.6093631047870482,0.8367346938775511,0.0,0.0,0.0,0.16326530612244897,0.6042294212410884,0.3957705787589117,0.6042094258510317,0.39579057414896823,0.6041994102772292,0.39580058972277077,0.6041966052057725,0.3958033947942276,0.6041916780997587,0.39580832190024134
7,79,False,0.004172046429180915,88,87,0.19986508742694714,0.1999195317226468,0.1999544365213171,0.19996575377022097,0.20029519055886694,5.444429569964604e-05,1.6093717116498722,0.9090909090909091,0.0,0.0,0.0,0.09090909090909091,0.6036746484816963,0.39632535151830367,0.6036259785110246,0.3963740214889753,0.6035975509330368,0.39640244906696326,0.6035887717227134,0.3964112282772867,0.603409313257977,0.3965906867420229
8,89,False,0.12150054630767844,102,99,0.20009380090710743,0.2000540102212774,0.20002900852227734,0.20002098343809563,0.19980219691124085,3.9790685830043415e-05,1.6093886581135113,0.9117647058823529,0.0,0.0,0.0,0.08823529411764706,0.6219373199548159,0.37806268004518406,0.6218821497079761,0.378117850292024,0.6218479921901335,0.3781520078098664,0.621837108345419,0.37816289165458095,0.6215533873983978,0.37844661260160206
9,99,False,0.01388110754774715,114,113,0.19960029137132687,0.19976514722695476,0.19986992505420495,0.1999037503331885,0.20086088601432345,0.0001648558556278934,1.6093278233481332,0.8245614035087719,0.0,0.0,0.0,0.17543859649122806,0.6202729214435665,0.37972707855643345,0.6200651097016014,0.3799348902983986,0.6199346050343517,0.3800653949656483,0.6198927255245704,0.38010727447542964,0.6187518558426028,0.38124814415739716
10,109,False,0.11528223306772147,104,103,0.1998431802506494,0.1999131088997744,0.19995616784836215,0.19996984715597366,0.2003176958452394,6.992864912500063e-05,1.609376574012653,0.7403846153846154,0.0,0.0,0.0,0.25961538461538464,0.6030516257285078,0.3969483742714922,0.6027974781624545,0.39720252183754545,0.6026384510759257,0.3973615489240743,0.6025875128309527,0.39741248716904726,0.6012173042563853,0.39878269574361475
11,119,False,0.10404723601948516,77,74,0.19992187316174626,0.19995159887244107,0.19997113025570487,0.19997753872841864,0.20017785898168822,2.9725710694816776e-05,1.6093716847240775,0.8441558441558441,0.0,0.0,0.0,0.15584415584415584,0.5872243672023133,0.4127756327976867,0.586957991908214,0.4130420080917861,0.5867906658309767,0.41320933416902317,0.5867369645529977,0.4132630354470023,0.5852739815916913,0.4147260184083087
12,129,False,0.013699866527659858,114,109,0.2001461246173747,0.20008483829743356,0.2000461566049035,0.20003371209903503,0.19968916838125234,6.128631994112288e-05,1.6093868355710368,0.868421052631579,0.0,0.0,0.0,0.13157894736842105,0.5892335012233574,0.4107664987766427,0.5890046291932934,0.41099537080670656,0.5888608557470509,0.4111391442529491,0.5888147126395833,0.4111852873604167,0.5875575861833531,0.41244241381664687
13,139,False,0.08055404466212944,106,105,0.19993512797460122,0.19996794595702952,0.1999872649521795,0.19999325224148873,0.20011640887470003,3.281798242829592e-05,1.6093187795804182,0.8113207547169812,0.0,0.0,0.0,0.18867924528301888,0.6015976926962388,0.3984023073037612,0.6013333698919358,0.3986666301080642,0.6011669279872319,0.3988330720127681,0.6011134467771982,0.3988865532228018,0.5996463148798142,0.4003536851201857
14,149,False,0.0039045867894791815,96,95,0.1993193747158655,0.1996059579347967,0.19978657383436874,0.19984463652085047,0.2014434569941178,0.0002865832189312134,1.6093157332543697,0.71875,0.0,0.0,0.0,0.28125,0.6022396634249383,0.39776033657506177,0.6019508116647747,0.39804918833522523,0.6017695485112823,0.3982304514887178,0.6017114056768977,0.3982885943231022,0.6001343291647266,0.39986567083527336
15,159,False,0.007688087901780312,97,95,0.1998807415420352,0.1999315771989071,0.1999634265452063,0.19997363628291898,0.20025061843093123,5.0835656871917045e-05,1.609396557882366,0.8247422680412371,0.0,0.0,0.0,0.17525773195876287,0.6033342136070757,0.3966657863929242,0.6030743101943502,0.3969256898056498,0.6029112275224257,0.39708877247757435,0.6028589182262825,0.39714108177371754,0.6014401058774096,0.3985598941225904
16,169,False,0.02710282658382465,94,92,0.2001618678533655,0.20009522623235348,0.20005285078050358,0.2000391669036259,0.19965088823015067,6.664162101202575e-05,1.609394911792315,0.8191489361702128,0.0,0.0,0.0,0.18085106382978725,0.6073278125075373,0.39267218749246263,0.6071114356878327,0.39288856431216734,0.6069756551196702,0.3930243448803298,0.6069321015400847,0.3930678984599153,0.6057505404834516,0.3942494595165484
17,179,False,0.03800519524179502,100,100,0.20017945838081588,0.20010501658539026,0.20005776968299668,0.20004253014060377,0.1996152252101923,7.444179542562268e-05,1.6093960826315707,0.8,0.0,0.0,0.0,0.2,0.601498392562954,0.398501607437046,0.6013175665037582,0.39868243349624183,0.6012038091507838,0.39879619084921625,0.6011672729452723,0.39883272705472766,0.6001672874439912,0.39983271255600883
18,189,False,0.09496543789995571,86,86,0.20020153129624949,0.20011503413280363,0.20006091507878515,0.2000435825308916,0.19957893696126913,8.64971634458589e-05,1.6094055092580575,0.872093023255814,0.0,0.0,0.0,0.12790697674418605,0.6158211258719676,0.3841788741280325,0.6156340277444805,0.3843659722555195,0.6155166076075276,0.3844833923924724,0.6154789412544904,0.38452105874550957,0.6144566387611732,0.38554336123882693
19,199,False,0.04474152124721837,92,89,0.19997848192864215,0.19998843152959597,0.19999448370279319,0.19999639357091287,0.20004220926805508,9.949600953823579e-06,1.6093878017149468,0.7717391304347826,0.0,0.0,0.0,0.22826086956521738,0.622449387464207,0.377550612535793,0.6222809388360697,0.3777190611639302,0.6221755543934298,0.37782444560657025,0.6221418025632104,0.37785819743678967,0.621235308948292,0.37876469105170796
20,209,False,0.007169128725346102,100,97,0.1995147443445328,0.19971378220162608,0.19984055020804523,0.19988151833398698,0.2010494049118083,0.0001990378570932705,1.6093048600285482,0.74,0.0,0.0,0.0,0.26,0.6234158160512601,0.3765841839487398,0.6232882988478918,0.37671170115210817,0.6232083728581629,0.37679162714183706,0.6231827515970728,0.37681724840292724,0.6224911840776913,0.37750881592230867
21,219,False,0.07114477289167481,111,105,0.19987560056661555,0.19992541259915528,0.1999574627656326,0.1999678720239647,0.20027365204463118,4.98120325397311e-05,1.6093410574365692,0.6846846846846847,0.0,0.0,0.0,0.3153153153153153,0.6128764097732785,0.3871235902267214,0.6127120034849328,0.3872879965150672,0.6126091879830915,0.38739081201690845,0.6125762665936901,0.3874237334063099,0.6116941884734766,0.38830581152652344
22,229,False,0.03148570149223465,94,94,0.1998752720924671,0.1999293318755532,0.19996296452745102,0.19997370814591686,0.20025872335861092,5.405978308609116e-05,1.6093798896417624,0.8191489361702128,0.0,0.0,0.0,0.18085106382978725,0.6082536478292818,0.3917463521707182,0.6080423896360049,0.39195761036399507,0.607909919113209,0.392090080886791,0.6078674436958871,0.392132556304113,0.6067183531593074,0.39328164684069244
23,239,False,0.027014184574052687,120,118,0.19969423161622515,0.19981877933930098,0.1998983601338618,0.19992411801801008,0.20066451089260134,0.00012454772307582407,1.60934257178694,0.6833333333333333,0.0,0.0,0.008333333333333333,0.30833333333333335,0.6123423025569453,0.38765769744305467,0.6121221414606376,0.3878778585393624,0.6119838107812319,0.3880161892187681,0.6119394112986697,0.3880605887013302,0.610730169524956,0.389269830475044
24,249,False,0.10972995739925828,106,103,0.19999320539332713,0.19999733600732159,0.19999959318881505,0.20000026403984755,0.20000960137068785,4.130613994457466e-06,1.6094160507985873,0.7452830188679245,0.0,0.0,0.0,0.25471698113207547,0.6286019207466562,0.3713980792533437,0.6284194503373728,0.3715805496626272,0.6283047914978837,0.3716952085021164,0.6282679885986749,0.37173201140132506,0.6272656039107523,0.3727343960892478
25,259,False,0.015887796719600628,89,86,0.20014314388759846,0.20007980590437677,0.20004061760214306,0.20002814080382106,0.19970829180205996,6.333798322169515e-05,1.609398544243654,0.7865168539325843,0.0,0.0,0.0,0.21348314606741572,0.6262210710073091,0.373778928992691,0.6260514254865116,0.3739485745134884,0.6259449223343375,0.37405507766566237,0.6259107529743191,0.3740892470256808,0.6249829669036031,0.37501703309639695
26,269,False,0.00862709093165331,101,100,0.19967511775778266,0.1998131983556739,0.19989989579244694,0.19992771346667082,0.20068407462742513,0.00013808059789124916,1.6093350448605337,0.6831683168316832,0.0,0.0,0.0,0.31683168316831684,0.6250857772113706,0.3749142227886294,0.6248597756934328,0.37514022430656724,0.6247176487757402,0.37528235122425974,0.6246720103767118,0.37532798962328817,0.6234253933916577,0.3765746066083422
27,279,False,0.04588970462755175,97,92,0.19945731422658822,0.1996768005468671,0.19981744168609755,0.19986302740057388,0.20118541613987279,0.0002194863202788777,1.609304883097667,0.711340206185567,0.0,0.0,0.0,0.28865979381443296,0.6317854348803729,0.3682145651196272,0.6315919430980694,0.36840805690193046,0.6314706485765784,0.36852935142342147,0.6314317627717356,0.3685682372282643,0.6303811363418836,0.36961886365811636
28,289,False,0.058379781392047594,90,88,0.20020477873676837,0.20012063296328647,0.20006706602134827,0.2000497595317536,0.19955776274684278,8.414577348189733e-05,1.6094075346742458,0.7222222222222222,0.0,0.0,0.011111111111111112,0.26666666666666666,0.6231113287801499,0.3768886712198502,0.6229343487290454,0.3770656512709546,0.6228235013391736,0.37717649866082625,0.6227879804815141,0.37721201951848593,0.6218311117751455,0.3781688882248545
29,299,False,0.06666106066986431,98,96,0.1997659729175012,0.19986477806551095,0.1999269722087726,0.19994695396777143,0.2004953228404432,9.880514800975071e-05,1.6093649503681167,0.6326530612244898,0.0,0.0,0.0,0.3673469387755102,0.613154697397388,0.3868453026026119,0.6129780624190492,0.3870219375809509,0.6128674820070636,0.38713251799293635,0.6128320550633841,0.38716794493661577,0.6118792697965274,0.3881207302034725
30,309,False,0.003991451094583882,105,104,0.19996924439239022,0.19997951564673655,0.1999866804571,0.199989095231856,0.20007546427191672,1.0271254346327918e-05,1.609343640897133,0.7142857142857143,0.0,0.0,0.0,0.2857142857142857,0.6137358176450465,0.38626418235495363,0.6135671577516282,0.3864328422483718,0.6134614477914468,0.3865385522085532,0.6134275611935153,0.3865724388064847,0.6125125245594724,0.3874874754405277
31,319,False,0.020734330086284745,85,84,0.19983092668293384,0.19990203448581112,0.1999468422896824,0.1999612470475095,0.20035894949406258,7.110780287727936e-05,1.6093720621019416,0.7411764705882353,0.0,0.0,0.0,0.25882352941176473,0.6168538102039542,0.3831461897960457,0.6166806756625874,0.38331932433741256,0.6165719154516275,0.3834280845483725,0.6165370109499366,0.38346298905006343,0.6155871544883791,0.3844128455116209
32,329,False,0.044199893243658445,94,92,0.19982957579327573,0.19990113571944668,0.1999463185054988,0.19996085538508526,0.20036211459669304,7.155992617094431e-05,1.6093714501583416,0.723404255319149,0.0,0.0,0.0,0.2765957446808511,0.6103000449177275,0.3896999550822725,0.6100936695774163,0.3899063304225837,0.6099642097255148,0.39003579027448515,0.6099226919588532,0.3900773080411468,0.6087985757801011,0.39120142421989884
33,339,False,0.013950624437767581,99,99,0.20010829385595183,0.20006321492350418,0.20003467676378472,0.20002548164409847,0.19976833281266032,4.507893244765082e-05,1.6094270447788694,0.696969696969697,0.0,0.0,0.010101010101010102,0.29292929292929293,0.6081790237314953,0.3918209762685046,0.607979932959684,0.39202006704031606,0.6078553333720795,0.3921446666279205,0.607815421413967,0.39218457858603295,0.6067432241168591,0.3932567758831409
34,349,False,0.012200212328563192,116,114,0.1996438211089227,0.19979411942338388,0.19988875762847713,0.19991916728864048,0.20075413455057492,0.00015029831446117248,1.609361176396394,0.6637931034482759,0.0,0.0,0.0,0.33620689655172414,0.6063351980836191,0.3936648019163809,0.6061364488273694,0.39386355117263067,0.6060122766669411,0.39398772333305887,0.6059725366748409,0.39402746332515914,0.6049114444507845,0.3950885555492155
35,359,False,0.015795571958741504,97,96,0.20011971365400416,0.20007135944660362,0.20004034748959754,0.20003029180183096,0.1997382876079635,4.835420740054164e-05,1.6094097380563765,0.7422680412371134,0.0,0.0,0.0,0.25773195876288657,0.6039057383189529,0.3960942616810471,0.6037247138608672,0.3962752861391328,0.6036116942442933,0.3963883057557068,0.6035755364270808,0.3964244635729193,0.6026124883508799,0.39738751164912023
36,369,False,0.021260211047458975,117,114,0.19950267239878372,0.1997109672835318,0.19984253970561808,0.19988488360472356,0.20105893700734243,0.0002082948847480781,1.6092988134819308,0.6153846153846154,0.0,0.0,0.0,0.38461538461538464,0.6005977272428199,0.39940227275718015,0.6004535714053408,0.3995464285946591,0.6003637871040414,0.39963621289595863,0.600335098491826,0.3996649015081739,0.5995775962093821,0.40042240379061794
37,379,False,0.008929829589315038,96,95,0.19982293445339647,0.19989611632938553,0.19994256665777313,0.1999575534639273,0.20038082909551705,7.318187598906456e-05,1.6093781403066438,0.6666666666666666,0.0,0.010416666666666666,0.0,0.3229166666666667,0.5991855733286083,0.4008144266713917,0.5990652507978143,0.4009347492021857,0.5989906143746192,0.40100938562538074,0.5989668159641448,0.40103318403585525,0.5983476921542084,0.4016523078457916
38,389,False,0.02414722388679562,96,92,0.20036388737445462,0.20021178186974808,0.2001156567712994,0.20008471175784284,0.19922396222665442,0.00015210550470654005,1.6093671348591136,0.71875,0.0,0.0,0.0,0.28125,0.6028511875523067,0.3971488124476933,0.6027297732487878,0.39727022675121215,0.6026544445142655,0.39734555548573447,0.6026304229142957,0.39736957708570425,0.6020050674771713,0.39799493252282875
39,399,False,0.017003591909292647,99,99,0.20005729535622846,0.20003137983041638,0.20001552303450354,0.2000105015132479,0.19988530026560328,2.591552581207579e-05,1.6093881068198408,0.696969696969697,0.0,0.0,0.010101010101010102,0.29292929292929293,0.6054855065378031,0.39451449346219697,0.6053381169362657,0.3946618830637342,0.605246302353321,0.3947536976466789,0.6052169621371184,0.3947830378628817,0.6044415804007366,0.3955584195992634
40,409,False,0.0050408696024826566,104,103,0.19975740082330415,0.19985601487101348,0.19991911623983327,0.19993955269669977,0.2005279153691493,9.861404770933335e-05,1.6093249857324259,0.6730769230769231,0.0,0.0,0.0,0.3269230769230769,0.6062711999824133,0.39372880001758676,0.6061135756453602,0.39388642435463994,0.6060152642324508,0.3939847357675492,0.6059838283585622,0.3940161716414378,0.6051497161848376,0.3948502838151624
41,419,False,0.005703776163048348,101,98,0.19984019279056395,0.19990661635630827,0.1999486772557876,0.19996223190284754,0.20034228169449228,6.64235657443224e-05,1.6093520283614127,0.5841584158415841,0.0,0.0,0.0,0.4158415841584158,0.6053999837650407,0.39460001623495927,0.6052470559435584,0.3947529440564415,0.605151529984498,0.394848470015502,0.6051209614927725,0.39487903850722755,0.6043057744325907,0.39569422556740924
42,429,False,0.007228542671881776,108,107,0.19990711667599945,0.1999440735716512,0.19996792148917855,0.19997567748790887,0.20020521077526168,3.6956895651751864e-05,1.6093438284713524,0.6111111111111112,0.009259259259259259,0.0,0.0,0.37962962962962965,0.6064527825511448,0.39354721744885524,0.6063164680133526,0.39368353198664746,0.6062312979860746,0.3937687020139255,0.6062040402024154,0.39379595979758464,0.605476751425237,0.3945232485747629
43,439,False,0.024568158351822772,85,84,0.20013438048278076,0.20007190496152852,0.20003404949218762,0.20002212518181892,0.19973753988168405,6.24755212522421e-05,1.6093730099525971,0.6941176470588235,0.0,0.0,0.0,0.3058823529411765,0.6026488705863522,0.3973511294136478,0.6025503865974924,0.3974496134025076,0.6024890361339271,0.39751096386607276,0.6024694321956929,0.39753056780430707,0.6019524256764099,0.39804757432359006
44,449,False,0.004937194891607055,106,103,0.19961829106074877,0.19977424271514008,0.1998737698852565,0.19990596437536232,0.20082773196349235,0.00015595165439130643,1.6092946740155056,0.5660377358490566,0.0,0.0,0.0,0.4339622641509434,0.6034896225549783,0.3965103774450217,0.6033493918785054,0.39665060812149455,0.6032614458250407,0.3967385541749592,0.6032332460875872,0.39676675391241284,0.6024712494049873,0.3975287505950127
45,459,False,0.04380880928783655,104,103,0.20008236255014866,0.2000496865807785,0.2000285886356048,0.20002172417786016,0.19981763805560776,3.2675969370149494e-05,1.6093872052706506,0.5961538461538461,0.0,0.0,0.0,0.40384615384615385,0.6101159016683156,0.38988409833168436,0.6099693374008698,0.3900306625991303,0.60987754835265,0.39012245164735,0.6098481369279696,0.3901518630720304,0.6090568518574082,0.39094314814259173
46,469,False,0.012792007904910566,97,97,0.20001341138334874,0.20000594900773985,0.20000177632171579,0.2000005170995627,0.19997834618763255,7.462375608890959e-06,1.6093925412392256,0.6288659793814433,0.0,0.0,0.0,0.3711340206185567,0.6120339054003092,0.3879660945996908,0.6118892965468109,0.38811070345318915,0.6117988077904776,0.3882011922095225,0.6117698259318758,0.38823017406812416,0.6109928239523735,0.38900717604762636
47,479,False,0.031956392595794365,95,95,0.20002377038027752,0.20001792498949264,0.2000131913736976,0.20001149897921966,0.1999336142773123,5.845390784880999e-06,1.6094008395530954,0.5684210526315789,0.0,0.0,0.0,0.43157894736842106,0.6072379881926836,0.3927620118073164,0.6070866486099549,0.39291335139004513,0.6069919904665706,0.3930080095334294,0.6069616797493053,0.39303832025069474,0.6061500013586489,0.39384999864135106
48,489,False,0.023626419580811207,98,98,0.2001536913850612,0.20009367289366672,0.20005462647757177,0.20004187792085482,0.1996561313228452,6.001849139447568e-05,1.609417318819044,0.6020408163265306,0.0,0.0,0.0,0.3979591836734694,0.610785630880073,0.38921436911992696,0.6106395789648842,0.3893604210351158,0.6105481442410553,0.3894518557589447,0.6105188521172729,0.38948114788272714,0.6097320350566677,0.39026796494333227
49,499,False,0.02185402884748616,107,105,0.19977670925264354,0.19986941658282809,0.1999281727786146,0.19994711463299247,0.20047858675292118,9.27073301845438e-05,1.6093590841811902,0.6355140186915887,0.0,0.0,0.0,0.3644859813084112,0.6140664242562712,0.3859335757437287,0.6139204296805029,0.386079570319497,0.6138291197837743,0.3861708802162257,0.6137998822059931,0.3862001177940068,0.6130172035081342,0.3869827964918658
50,509,False,0.020067223215652942,101,98,0.19968173038149378,0.19981752282955306,0.19990262456974978,0.19992990613223455,0.20066821608696847,0.0001357924480592798,1.6093499522509647,0.6138613861386139,0.0,0.0,0.0,0.38613861386138615,0.6170903657197949,0.3829096342802051,0.6169363928059067,0.38306360719409327,0.6168399811635606,0.3831600188364393,0.6168090914759937,0.3831909085240062,0.615978630503002,0.384021369496998
51,519,False,0.005450270249525545,92,90,0.1999811899070623,0.19998718355409717,0.19999145152427875,0.19999290295527247,0.2000472720592891,5.993647034879812e-06,1.6093695770648444,0.6195652173913043,0.0,0.0,0.0,0.3804347826086957,0.6179395041792187,0.3820604958207812,0.6177708675406107,0.38222913245938933,0.6176651263747576,0.3823348736252423,0.6176312231399733,0.38236877686002674,0.6167150822724472,0.3832849177275528
52,529,False,0.03544017177285616,112,109,0.20012163748527928,0.20007359149741302,0.20004249461305013,0.20003236625467266,0.1997299101495846,4.804598786625758e-05,1.6094165583765165,0.6517857142857143,0.0,0.0,0.0,0.3482142857142857,0.6126192905061695,0.3873807094938306,0.612455869985436,0.38754413001456406,0.6123534387836821,0.38764656121631796,0.6123206032494755,0.38767939675052465,0.6114345093754162,0.3885654906245838
53,539,False,0.004701715860121389,110,105,0.1994969919455976,0.1997091675260541,0.19984275435489632,0.19988567884581288,0.20106540732763878,0.00021217558045649731,1.6093234056942434,0.6,0.0,0.0,0.0,0.4,0.6118892478245516,0.3881107521754484,0.6117357196762997,0.3882642803237003,0.6116396192896342,0.38836038071036577,0.6116088346388413,0.3883911653611587,0.6107821361438198,0.38921786385618024
54,549,False,0.008131668203434231,100,97,0.19968310259875033,0.19981707981604643,0.19990137802524433,0.19992845485882701,0.20066998470113148,0.00013397721729610512,1.6093990026364704,0.57,0.0,0.0,0.0,0.43,0.6106687072977206,0.38933129270227934,0.6105144234091954,0.38948557659080457,0.6104178334895303,0.3895821665104697,0.6103868893504772,0.38961311064952275,0.6095554389286246,0.3904445610713754
55,559,False,0.0030757896345327863,98,95,0.19953323743348161,0.19972894104166908,0.19985249015613754,0.1998922414811103,0.20099308988760092,0.00019570360818746413,1.609330030542752,0.5408163265306123,0.0,0.0,0.0,0.45918367346938777,0.6102267531762517,0.3897732468237482,0.6100644988732601,0.38993550112673986,0.609962744976039,0.39003725502396097,0.609930117989646,0.39006988201035403,0.6090482080278293,0.3909517919721708
56,569,False,0.03693795832290504,83,79,0.20014576521552827,0.20007814847192618,0.20003712052011607,0.20002418836021696,0.19971477743221214,6.761674360208914e-05,1.6093520533144587,0.7108433734939759,0.0,0.0,0.0,0.2891566265060241,0.6157588404270343,0.3842411595729656,0.6156017129875124,0.3843982870124876,0.6155031689101493,0.38449683108985067,0.6154715701135557,0.38452842988644437,0.6146171691198876,0.3853828308801123
57,579,False,0.0115465936526154,96,92,0.19989523635510856,0.19993912194053368,0.19996683730159157,0.19997575624921318,0.20022304815355274,4.3885585425118556e-05,1.6093789440245283,0.6458333333333334,0.0,0.0,0.0,0.3541666666666667,0.614074202234731,0.38592579776526914,0.6138980150022533,0.3861019849977467,0.6137875274464383,0.3862124725535616,0.6137521003671481,0.3862478996328519,0.6127943462132783,0.3872056537867217
58,589,False,0.01288543897741875,120,118,0.19946327370293457,0.19968288944503515,0.19982292329883145,0.19986820297724778,0.20116271057595073,0.00021961574210058177,1.6092985377205793,0.5583333333333333,0.0,0.0,0.0,0.44166666666666665,0.6160234913393395,0.3839765086606605,0.6158391541332194,0.38416084586678045,0.6157235536688249,0.384276446331175,0.6156864867573968,0.38431351324260316,0.614684275417385,0.385315724582615
59,599,False,0.01668636704354684,101,101,0.19993940569593824,0.1999654964016892,0.19998174535198307,0.19998693999510161,0.20012641255528796,2.609070575096406e-05,1.6093769793871846,0.5841584158415841,0.0,0.0,0.0,0.4158415841584158,0.6185485735565079,0.381451426443492,0.6183512621575339,0.381648737842466,0.6182274569627713,0.3817725430372287,0.618187747910253,0.3818122520897471,0.6171119352695049,0.382888064730495
60,609,False,0.007989603446386415,92,90,0.2000882709945347,0.20005457636319465,0.20003245133762326,0.2000251949478876,0.19979950635675933,3.3694631340036585e-05,1.6093879686807457,0.6086956521739131,0.010869565217391304,0.0,0.0,0.3804347826086957,0.6197261033838386,0.38027389661616146,0.6195353916872219,0.3804646083127781,0.6194156197328687,0.38058438026713126,0.6193771867070836,0.38062281329291636,0.6183327333521917,0.3816672666478083
61,619,False,0.010731420683707084,97,97,0.19985142015635582,0.199915137479016,0.1999549926276259,0.19996775648105986,0.20031069325594217,6.371732266016727e-05,1.6093868014775239,0.4742268041237113,0.0,0.0,0.0,0.5257731958762887,0.6181162453045733,0.38188375469542657,0.6179289312938308,0.3820710687061692,0.6178113371340973,0.38218866286590264,0.6177736099296379,0.38222639007036197,0.6167495273035479,0.383250472696452
62,629,False,0.005131217148277304,109,106,0.20011183487517184,0.2000634197799617,0.2000332285613247,0.2000235761072812,0.19976794067626052,4.841509521014142e-05,1.6093799866124279,0.6146788990825688,0.0,0.0,0.0,0.3853211009174312,0.6188743215149193,0.3811256784850808,0.6186900754490234,0.3813099245509766,0.6185744870249918,0.3814255129750082,0.6185374163072015,0.38146258369279856,0.6175335341735247,0.3824664658264752
63,639,False,0.025583261969733775,102,101,0.20003696577920524,0.20002282519543144,0.20001354241669,0.20001049864683934,0.19991616796183384,1.4140583773802895e-05,1.6094096275018963,0.6372549019607843,0.0,0.0,0.0,0.3627450980392157,0.6226844274848582,0.37731557251514186,0.6225005784306433,0.3774994215693568,0.6223852024336785,0.37761479756632155,0.6223481938669911,0.3776518061330089,0.6213448989726197,0.37865510102738026
64,649,False,0.019649548238294852,89,86,0.19939496734974274,0.19964577251478746,0.1998048644272558,0.1998561728037038,0.20129822290450985,0.0002508051650447207,1.6092840016958425,0.5730337078651685,0.0,0.0,0.0,0.42696629213483145,0.6198177652039674,0.38018223479603264,0.6196100546459485,0.38038994535405146,0.6194794762784734,0.3805205237215265,0.6194375539373485,0.3805624460626516,0.6182940508325813,0.3817059491674188
65,659,False,0.015175595958448905,111,110,0.1999803199091532,0.19998393918875204,0.199987438365247,0.19998875895225235,0.20005954358459488,3.6192795988543303e-06,1.6093092406085179,0.6666666666666666,0.0,0.0,0.0,0.3333333333333333,0.622040924410869,0.37795907558913105,0.6218488005448484,0.37815119945515163,0.6217280136786685,0.3782719863213316,0.6216892338911398,0.37831076610886016,0.6206313622904748,0.3793686377095252
66,669,False,0.0036642846019382426,100,97,0.20007500785462234,0.200042423125801,0.2000221461478481,0.20001566945671942,0.19984475341500907,3.258472882133878e-05,1.609389409510546,0.57,0.0,0.0,0.0,0.43,0.6214963810860316,0.37850361891396844,0.6213040813336873,0.37869591866631275,0.6211831529331747,0.37881684706682534,0.6211443225552372,0.37885567744476273,0.6200840663880497,0.37991593361195025
67,679,False,0.00793309242920308,99,99,0.20004124167327259,0.20002248859535765,0.2000110102068878,0.2000073761409263,0.1999178833835558,1.8753077914934746e-05,1.6094235880682957,0.5555555555555556,0.0,0.0,0.020202020202020204,0.42424242424242425,0.6226624772784981,0.377337522721502,0.6224757370578005,0.37752426294219943,0.622358389165038,0.37764161083496195,0.6223207222190068,0.3776792777809932,0.6212947386330667,0.3787052613669332
68,689,False,0.004551242913177135,107,105,0.1997142937175472,0.19983021610245713,0.19990439604027324,0.19992842393507362,0.20062267020464875,0.00011592238490992779,1.6093363711452517,0.514018691588785,0.0,0.0,0.0,0.48598130841121495,0.6220298868277168,0.3779701131722833,0.6218248229769717,0.3781751770230284,0.621696011254656,0.378303988745344,0.6216546726859338,0.3783453273140662,0.6205300487615109,0.3794699512384891
69,699,False,0.006083463683675241,106,105,0.19942305922393613,0.19966770688837632,0.1998214438848896,0.1998707935595734,0.20121699644322416,0.00024464766444018404,1.6093290796683863,0.5283018867924528,0.0,0.0,0.0,0.4716981132075472,0.6228761798910415,0.37712382010895856,0.6226938936477502,0.3773061063522498,0.622579660932246,0.3774203390677539,0.6225430453762696,0.37745695462373047,0.6215550832589564,0.3784449167410435
70,709,False,0.005577326854481267,117,115,0.19990530371090776,0.19994841411839806,0.1999747629827527,0.19998310009790554,0.20018841909003585,4.311040749030437e-05,1.6093832460436437,0.5470085470085471,0.0,0.0,0.0,0.452991452991453,0.6236851916579754,0.37631480834202446,0.623510576676923,0.3764894233230771,0.6234012959196614,0.37659870408033863,0.623366291322328,0.3766337086776719,0.6224261766768615,0.37757382332313844
71,719,False,0.004149984129911323,102,102,0.19981104015748058,0.19989001715680987,0.19993990938957135,0.19995596911630514,0.20040306417983297,7.897699932929436e-05,1.6093412349340646,0.5588235294117647,0.0,0.0,0.0196078431372549,0.4215686274509804,0.624332456675466,0.375667543324534,0.6241447922789821,0.3758552077210178,0.624027146271569,0.37597285372843103,0.6239894297844328,0.3760105702155673,0.6229706071255992,0.37702939287440085
72,729,False,0.009810872589401278,108,106,0.19968399123522787,0.19981575966439274,0.1998991263593227,0.1999259786733875,0.20067514406766895,0.00013176842916487463,1.609354811573815,0.5555555555555556,0.0,0.0,0.009259259259259259,0.4351851851851852,0.6257828637440958,0.3742171362559042,0.6255970631555443,0.37440293684445575,0.6254805959258188,0.3745194040741811,0.6254432590037762,0.37455674099622394,0.6244349723062342,0.37556502769376565
73,739,False,0.03412586343504302,113,109,0.19996925110521888,0.19997411525020287,0.1999791349768121,0.1999810707124137,0.20009642795535237,4.864144983990348e-06,1.609312127576349,0.6460176991150443,0.0,0.0,0.017699115044247787,0.336283185840708,0.6308345672431981,0.3691654327568019,0.6306457481161996,0.3693542518838004,0.6305272066328417,0.3694727933671583,0.6304891742600626,0.3695108257399374,0.6294560025943258,0.37054399740567423
74,749,False,0.025723686000020257,93,92,0.2001823433843586,0.20010806588398108,0.2000606219038502,0.20004526747406137,0.19960370135374875,7.427750037752867e-05,1.6094088537208515,0.6129032258064516,0.0,0.0,0.0,0.3870967741935484,0.6345992752520443,0.36540072474795565,0.6344179507611685,0.3655820492388315,0.6343041348294786,0.3656958651705215,0.6342676219263178,0.3657323780736821,0.6332763551829652,0.36672364481703473
75,759,False,0.0040973581354276705,111,109,0.20007802298314123,0.20004581426060417,0.20002535438219585,0.2000187509093528,0.19983205746470592,3.220872253706375e-05,1.609380724534828,0.4954954954954955,0.0,0.0,0.0,0.5045045045045045,0.6352384082304849,0.3647615917695151,0.6350403058178073,0.3649596941821926,0.6349159267876632,0.36508407321233677,0.6348760198253554,0.36512398017464465,0.6337915264586053,0.3662084735413948
76,769,False,0.008597091244163978,101,98,0.2000052560575452,0.20000157561035276,0.19999961142367637,0.19999903861288507,0.19999451829554044,3.680447192455638e-06,1.6093978033695358,0.594059405940594,0.0,0.009900990099009901,0.0,0.39603960396039606,0.6339664509788686,0.36603354902113133,0.6337728868710848,0.36622711312891515,0.6336513419313752,0.3663486580686249,0.6336123418693292,0.36638765813067087,0.6325520958973574,0.36744790410264255
77,779,False,0.03180568119716809,110,105,0.1996161321810518,0.1997812395626096,0.19988449371495262,0.1999175527542324,0.20080058178715332,0.0001651073815578108,1.6093671420923363,0.43636363636363634,0.0,0.0,0.0,0.5636363636363636,0.6292988812380442,0.3707011187619558,0.6290984864237411,0.37090151357625883,0.6289727407035046,0.3710272592964954,0.6289324074739137,0.37106759252608623,0.6278388213748646,0.3721611786251354
78,789,False,0.004080544669127247,101,100,0.19992833968731089,0.1999614368521393,0.19998153060081297,0.1999878672390498,0.20014082562068722,3.309716482841063e-05,1.6093748183896408,0.504950495049505,0.0,0.0,0.0,0.49504950495049505,0.6286993249036829,0.3713006750963172,0.6284974543650819,0.37150254563491814,0.6283708312639013,0.3716291687360988,0.6283302246055715,0.37166977539442847,0.6272307329805965,0.37276926701940344
79,799,False,0.01484124304688463,82,81,0.2000817813605126,0.20004761620292977,0.20002601792527308,0.20001906384630208,0.19982552066498255,3.4165157582838335e-05,1.609408937441521,0.5487804878048781,0.0,0.012195121951219513,0.0,0.43902439024390244,0.6265043628192799,0.3734956371807201,0.6263022519541098,0.3736977480458902,0.6261755413802347,0.3738244586197653,0.6261349171986327,0.37386508280136727,0.625037004979812,0.3749629950201881
80,809,False,0.0028380533941102046,91,91,0.2000563005271108,0.2000364312127037,0.20002292957879597,0.2000184306239576,0.19986590805743173,1.986931440708939e-05,1.6094274546217464,0.5934065934065934,0.0,0.0,0.0,0.4065934065934066,0.6260853592486753,0.3739146407513247,0.6258828396908022,0.3741171603091979,0.6257558348187966,0.37424416518120335,0.6257151100710047,0.3742848899289953,0.6246133447691048,0.3753866552308952
81,819,False,0.003576825059782524,97,94,0.19975879635392935,0.1998580054937597,0.19992113014800397,0.19994151988064512,0.20052054812366168,9.92091398303585e-05,1.6093517619020237,0.5876288659793815,0.0,0.0,0.0,0.41237113402061853,0.6266213019018213,0.3733786980981787,0.626416305091897,0.373583694908103,0.6262876908195264,0.37371230918047366,0.6262464411049266,0.3737535588950734,0.6251289731620686,0.3748710268379315
82,829,False,0.002603414621470892,99,98,0.19956113058911903,0.1997447074084161,0.1998607781475023,0.1998981485901472,0.20093523526481527,0.00018357681929706549,1.6093322930375509,0.45454545454545453,0.0,0.0,0.0,0.5454545454545454,0.6262246072355185,0.3737753927644814,0.6260241944347879,0.37397580556521204,0.6258985271186308,0.37410147288136913,0.6258582340401212,0.3741417659598788,0.6247687077954552,0.37523129220454465
83,839,False,0.002541111844824749,118,118,0.20010812390080404,0.20005948641534002,0.2000296404526523,0.20002017577433967,0.19978257345686382,4.863748546402036e-05,1.6093597647921292,0.6101694915254238,0.0,0.0,0.0,0.3898305084745763,0.6266169169697421,0.3733830830302579,0.6264095972097996,0.37359040279020045,0.6262795713951121,0.37372042860488786,0.6262378762125484,0.37376212378745155,0.6251095045964526,0.3748904954035473
84,849,False,0.027195535841595578,101,101,0.20010672490009682,0.2000602026238718,0.2000313018311169,0.20002207813069398,0.19977969251422042,4.6522276225008374e-05,1.6094160502175527,0.5841584158415841,0.0,0.0,0.0,0.4158415841584158,0.6306336492086381,0.36936635079136193,0.6304264900030192,0.3695735099969807,0.6302966123101502,0.3697033876898497,0.630254972269031,0.36974502773096884,0.6291294319554084,0.3708705680445916
85,859,False,0.010119848068659967,94,94,0.19973365585550598,0.1998441770521749,0.1999142568871386,0.19993685367332262,0.20057105653185786,0.0001105211966689057,1.6093646783594633,0.5531914893617021,0.0,0.0,0.0,0.44680851063829785,0.6321196993751196,0.3678803006248804,0.6319144312903063,0.3680855687096936,0.6317857322145888,0.36821426778541116,0.6317444689531734,0.36825553104682657,0.6306289472358271,0.369371052764173
86,869,False,0.008756886188721735,114,110,0.19999238316692425,0.19999732277661098,0.20000000831525147,0.20000080190767128,0.20000948383354195,4.939609686727131e-06,1.6093735240486977,0.5877192982456141,0.0,0.0,0.0,0.41228070175438597,0.6333890091885002,0.3666109908114999,0.6331913518406658,0.3668086481593342,0.6330674678576478,0.36693253214235216,0.6330277553803587,0.3669722446196413,0.6319553757176968,0.3680446242823033
87,879,False,0.002295808093121784,109,104,0.19990804934372056,0.19994803069002906,0.1999728944911941,0.19998083397735558,0.2001901914977007,3.998134630850414e-05,1.6093920788022604,0.5688073394495413,0.0,0.0,0.0,0.43119266055045874,0.6337346431722407,0.3662653568277593,0.6335332565616917,0.3664667434383083,0.6334070606551458,0.3665929393448541,0.6333666112474536,0.3666333887525463,0.6322751226168121,0.36772487738318804
88,889,False,0.010814275486788233,93,92,0.2000829111294065,0.2000431960190911,0.20001941492752492,0.2000119711395534,0.19984250678442392,3.971511031539143e-05,1.6093812689764921,0.6774193548387096,0.0,0.0,0.0,0.3225806451612903,0.6353118524162812,0.3646881475837187,0.635114633420763,0.364885366579237,0.6349910478622534,0.3650089521377466,0.6349514349267437,0.36504856507325645,0.6338824502876637,0.3661175497123364
89,899,False,0.006189461849873362,106,105,0.20035177342526542,0.2002020850767883,0.2001081648225249,0.2000780391386261,0.19925993753679508,0.0001496883484771172,1.6094041108275268,0.5849056603773585,0.0,0.0,0.0,0.41509433962264153,0.6362079414433376,0.3637920585566624,0.6360152873633668,0.36398471263663335,0.6358945756643505,0.3641054243356494,0.635855886141196,0.3641441138588039,0.6348122807098016,0.3651877192901985
90,909,False,0.014324324032764048,92,88,0.19977170132700414,0.19987135718883103,0.19993325214365884,0.19995300248444806,0.2004706868560579,9.965586182689168e-05,1.6093645731106518,0.5434782608695652,0.0,0.0,0.0,0.45652173913043476,0.6341181335080458,0.36588186649195426,0.6339209476089975,0.3660790523910024,0.6337973906139348,0.36620260938606525,0.6337577882475449,0.366242211752455,0.6326894364303289,0.3673105635696711
91,919,False,0.026605832661369736,92,91,0.1996526490858262,0.19980407652760449,0.19989819888417118,0.19992824342943646,0.20071683207296157,0.00015142744177829015,1.609320755782,0.5434782608695652,0.0,0.0,0.010869565217391304,0.44565217391304346,0.6302533153335402,0.3697466846664597,0.6300352084460596,0.36996479155394035,0.6298984619472293,0.37010153805277063,0.6298546188693223,0.3701453811306778,0.6286693738980161,0.3713306261019839
92,929,False,0.0011069987473420891,93,92,0.19999672577426947,0.20000216470890567,0.2000045401384393,0.20000513427297173,0.19999143510541353,5.438934636198267e-06,1.6094136369170933,0.6344086021505376,0.0,0.0,0.0,0.3655913978494624,0.6303964022346427,0.36960359776535734,0.6301864730815073,0.36981352691849273,0.6300548255789844,0.3699451744210156,0.6300126127351354,0.3699873872648647,0.6288706176610306,0.3711293823389695
93,939,False,0.0017100416676138564,106,105,0.19971473020659564,0.1998306685245867,0.1999047630714703,0.1999287504574446,0.2006210877399027,0.00011593831799106002,1.6093129091380367,0.5283018867924528,0.0,0.0,0.0,0.4716981132075472,0.630179593333603,0.369820406666397,0.6299555969499878,0.3700444030500122,0.6298151416094071,0.3701848583905928,0.6297701066216208,0.3702298933783792,0.6285520473687569,0.37144795263124303
94,949,False,0.0071366559843248165,109,108,0.199777495057272,0.19986824850777818,0.19992618109906962,0.19994492454520923,0.20048315079067094,9.075345050618688e-05,1.6093731516251863,0.5871559633027523,0.0,0.0,0.0,0.41284403669724773,0.6312124076330156,0.3687875923669845,0.6309961541888159,0.3690038458111841,0.6308606340451334,0.36913936595486657,0.6308171945630667,0.3691828054369333,0.6296447224462395,0.3703552775537606
95,959,False,0.005600995926985678,87,87,0.1996954023214678,0.19982108728937764,0.19990094427217506,0.19992672093513106,0.20065584518184815,0.0001256849679098504,1.6093313319261067,0.5862068965517241,0.0,0.0,0.0,0.41379310344827586,0.6320625870928007,0.3679374129071994,0.6318355572001525,0.3681644427998475,0.6316931979898659,0.36830680201013405,0.6316475523425373,0.36835244765746267,0.6304129919690343,0.36958700803096567
96,969,False,0.01647913159132024,102,100,0.19992577097214997,0.1999561772110864,0.19997553847071398,0.19998179567704022,0.20016071766900936,3.040623893643679e-05,1.6093901718498853,0.5196078431372549,0.0,0.0,0.0,0.4803921568627451,0.6296281741797088,0.37037182582029116,0.6294036255121499,0.3705963744878501,0.6292628257659603,0.3707371742340396,0.6292176807631604,0.37078231923683963,0.6279967971807624,0.37200320281923754
97,979,False,0.02670173057052505,98,96,0.19988100894112434,0.19993619376633717,0.19996965718273726,0.19998020262138924,0.20023293748841187,5.5184825212828414e-05,1.60937657348448,0.5612244897959183,0.0,0.0,0.0,0.4387755102040816,0.6256488828734361,0.3743511171265638,0.6254371355634959,0.37456286443650416,0.6253044146136145,0.37469558538638553,0.6252618685737618,0.3747381314262382,0.6241129559494123,0.37588704405058765
98,989,False,0.004155151133050302,87,87,0.19891406628768357,0.19936184906697907,0.19964631668727947,0.19973813810024477,0.2023396298578132,0.0004477827792954969,1.6091591840614177,0.47126436781609193,0.0,0.0,0.0,0.5287356321839081,0.6263268849418206,0.3736731150581794,0.6260883202459832,0.3739116797540169,0.6259383411753762,0.37406165882462383,0.6258901884287055,0.3741098115712944,0.6245756142251512,0.3754243857748489
99,999,False,0.004410785630883829,104,102,0.19991265711656367,0.19994664780550783,0.19996878265993356,0.19997601353456113,0.20019589888343384,3.399068894416324e-05,1.6093646764321485,0.5769230769230769,0.0,0.0,0.0,0.4230769230769231,0.6256906596717421,0.37430934032825786,0.6254445140769263,0.3745554859230738,0.6252898578167269,0.37471014218327325,0.625240217806282,0.37475978219371797,0.6238876584738617,0.3761123415261382
100,1009,False,0.007625412269786594,100,97,0.1998789431345665,0.19993107782912833,0.19996363322100172,0.19997405017247075,0.2002522956428326,5.213469456183395e-05,1.6093833742047254,0.55,0.0,0.0,0.0,0.45,0.6268223438461445,0.3731776561538554,0.6265748685527652,0.37342513144723466,0.6264194783674987,0.37358052163250133,0.6263696193344639,0.3736303806655361,0.6250141225932748,0.3749858774067251
101,1019,False,0.033047601099791483,114,113,0.1997442864051098,0.1998515082078993,0.19991915513131253,0.19994091555423965,0.20054413470143875,0.00010722180278949223,1.6093686119210602,0.5263157894736842,0.0,0.0,0.0,0.47368421052631576,0.6219300889886378,0.3780699110113622,0.6216772614342654,0.37832273856573456,0.621518501133598,0.37848149886640203,0.6214675591775436,0.3785324408224564,0.6200823073434691,0.37991769265653097
102,1029,False,0.017796843341182707,91,85,0.19974186929634843,0.19985533584446755,0.1999256238492841,0.19994802148626753,0.20052914952363213,0.00011346654811911216,1.6093700976541032,0.4835164835164835,0.0,0.0,0.0,0.5164835164835165,0.6193102836201922,0.38068971637980775,0.6190436482291599,0.3809563517708401,0.6188762880763129,0.38112371192368705,0.6188225981758999,0.38117740182410015,0.6173647377758017,0.3826352622241983
103,1039,False,0.00163885924998672,91,87,0.1999594022677347,0.19997721181343098,0.19998825070753104,0.19999176955400114,0.20008336565730195,1.7809545696273466e-05,1.609383276489672,0.5714285714285714,0.0,0.0,0.0,0.42857142857142855,0.6195645067819201,0.38043549321807985,0.6192938669677781,0.3807061330322219,0.6191239297824095,0.3808760702175906,0.619069402830461,0.38093059716953903,0.6175869450262264,0.3824130549737736
104,1049,False,0.015335301612694486,107,105,0.1999447423175983,0.19996831469565415,0.19998306311650324,0.19998778857118152,0.20011609129906277,2.3572378055863874e-05,1.6093665872995644,0.6261682242990654,0.0,0.0,0.0,0.37383177570093457,0.6218359835601271,0.3781640164398728,0.621570976930797,0.378429023069203,0.6214045872220613,0.37859541277793873,0.621351200406313,0.3786487995936869,0.6199001965560725,0.38009980344392746
105,1059,False,0.00647925506693292,92,90,0.1997144080016984,0.1998379805806995,0.19991503099699842,0.19993966500270596,0.20059291541789745,0.00012357257900108554,1.609361534289279,0.532608695652174,0.0,0.0,0.0,0.4673913043478261,0.6228059115971987,0.37719408840280133,0.6225384013351447,0.37746159866485524,0.6223704043970758,0.37762959560292414,0.6223164963131473,0.37768350368685255,0.6208504072874342,0.37914959271256576
106,1069,False,0.0021866023703062502,103,95,0.2000759070473256,0.20004627701974878,0.2000270026286866,0.20002070961117166,0.19983010369306736,2.963002757683242e-05,1.6094143534049126,0.5436893203883495,0.009708737864077669,0.0,0.0,0.44660194174757284,0.6224670407310091,0.37753295926899094,0.622205560314947,0.3777944396850531,0.622041340204254,0.377958659795746,0.6219886424946273,0.3780113575053726,0.6205552211998125,0.37944477880018745
107,1079,False,0.008934481271700597,102,100,0.19996305326843025,0.1999786392323647,0.1999884549704372,0.1999916092234942,0.20007824330527377,1.558596393444467e-05,1.6093954353748006,0.5588235294117647,0.0,0.0,0.0,0.4411764705882353,0.6211314703897445,0.3788685296102556,0.6208721795354256,0.37912782046457444,0.620709417643291,0.3792905823567089,0.6206572013556277,0.3793427986443723,0.6192393053908919,0.38076069460910805
108,1089,False,0.0026822460079905758,101,99,0.19984896748212033,0.19991360846514997,0.19995404901704394,0.19996700283871913,0.20031637219696644,6.464098302963461e-05,1.6093964441816266,0.504950495049505,0.0,0.0,0.0,0.49504950495049505,0.6215376889359848,0.37846231106401507,0.6212750603283861,0.3787249396716138,0.6211103043088706,0.37888969569112946,0.621057464679117,0.37894253532088296,0.6196256003132271,0.38037439968677295
109,1099,False,0.008054234847467676,112,109,0.19999554921180535,0.199997739353603,0.19999906019214903,0.19999947387331504,0.20000817736912763,2.190141797642209e-06,1.6093762360259785,0.5714285714285714,0.0,0.0,0.0,0.42857142857142855,0.6227448808053013,0.3772551191946987,0.6224785296590765,0.37752147034092354,0.6223114118429884,0.3776885881570116,0.6222578104150601,0.3777421895849399,0.6208045069685251,0.379195493031475
110,1109,False,0.00015792700085588164,103,101,0.20006058355823583,0.20003269850342423,0.20001573147504215,0.20001037511374453,0.1998806113495533,2.788505481160497e-05,1.6093797350028296,0.5436893203883495,0.0,0.0,0.0,0.4563106796116505,0.6227168613661359,0.37728313863386415,0.6224526501322883,0.37754734986771155,0.6222869068179219,0.37771309318207813,0.6222337514468801,0.3777662485531199,0.6207935040856081,0.3792064959143919
111,1119,False,0.0014211090491298615,89,89,0.19965677958833294,0.19979734787571066,0.19988694804990767,0.1999159150365948,0.2007430094494538,0.00014056828737771254,1.6093088817873566,0.5168539325842697,0.0,0.0,0.0,0.48314606741573035,0.6229149611675716,0.37708503883242833,0.6226552663960747,0.3773447336039254,0.6224925765782499,0.37750742342175014,0.6224404362759096,0.3775595637240905,0.6210341605165822,0.3789658394834178
112,1129,False,0.001644826071890156,111,111,0.19962039572487322,0.1997728838815201,0.1998708949580705,0.1999027095548943,0.2008331158806419,0.00015248815664686832,1.6092999448861502,0.5945945945945946,0.0,0.0,0.0,0.40540540540540543,0.62316363110535,0.37683636889465,0.6229020310154604,0.37709796898453957,0.6227381713321035,0.3772618286678965,0.6226856599387928,0.37731434006120723,0.6212700588260447,0.37872994117395536
113,1139,False,0.005278885846755432,97,96,0.2001897657356802,0.20011266433972674,0.20006335846480314,0.20004739243378328,0.19958681902600658,7.710139595346055e-05,1.6093943411086875,0.5876288659793815,0.0,0.0,0.0,0.41237113402061853,0.6239381244195333,0.37606187558046655,0.6236804838111797,0.3763195161888203,0.6235191476132604,0.37648085238673956,0.6234674518730479,0.3765325481269521,0.622075043327638,0.37792495667236203
114,1149,False,0.002707180995948125,102,100,0.20018477813640836,0.20010809037071456,0.2000594746101348,0.20004379999315797,0.19960385688958415,7.668776569380586e-05,1.6093952265177813,0.5294117647058824,0.0,0.0,0.00980392156862745,0.46078431372549017,0.6243315359407638,0.3756684640592362,0.6240773596348026,0.37592264036519746,0.623918224367541,0.37608177563245904,0.623867239090642,0.376132760909358,0.6224949740185988,0.3775050259814013
115,1159,False,0.01178047737875649,92,92,0.2000055468771446,0.19999569517127497,0.19999144277655498,0.19999039044144268,0.20001692473358268,9.851705869645677e-06,1.6093356465761852,0.5869565217391305,0.0,0.0,0.010869565217391304,0.40217391304347827,0.6261065447534407,0.3738934552465592,0.6258404372654854,0.37415956273451456,0.6256737736496671,0.37432622635033286,0.6256203670778803,0.37437963292211973,0.6241814022947031,0.3758185977052969
116,1169,False,0.010605545032458122,107,105,0.1995349869412073,0.19973029172429382,0.19985348062285652,0.19989309981396433,0.2009881408976782,0.00019530478308651955,1.6093330985357321,0.4953271028037383,0.0,0.0,0.0,0.5046728971962616,0.6245208935740425,0.37547910642595755,0.6242602453863936,0.3757397546136063,0.6240970438514071,0.3759029561485929,0.6240447536748581,0.37595524632514193,0.6226371357935545,0.37736286420644544
117,1179,False,0.004167634758766367,98,97,0.19975330727639218,0.1998594925803857,0.1999258107247989,0.199947032952927,0.20051435646549615,0.00010618530399353343,1.6093432769467357,0.46938775510204084,0.0,0.0,0.01020408163265306,0.5204081632653061,0.6239484032191842,0.3760515967808157,0.6236686148745778,0.37633138512542225,0.6234934601931091,0.37650653980689086,0.6234373453076847,0.3765626546923153,0.6219277038100302,0.37807229618996985
118,1189,False,0.002017737272775679,112,111,0.1998576418635416,0.19990697949008404,0.19994063458902075,0.19995187583143736,0.20034286822591613,4.933762654243945e-05,1.609301731889626,0.5178571428571429,0.0,0.0,0.0,0.48214285714285715,0.6242752314802561,0.3757247685197439,0.6239839015313855,0.3760160984686145,0.6238013013967477,0.3761986986032524,0.6237427645666839,0.3762572354333162,0.6221608311051473,0.37783916889485264
119,1199,False,0.0007541438128020878,92,91,0.19976701481603917,0.19986759750358954,0.1999303366527332,0.19995040085992183,0.20048465016771608,0.0001005826875503657,1.6093888264064262,0.5,0.0,0.0,0.010869565217391304,0.4891304347826087,0.624167615427507,0.375832384572493,0.6238743240151003,0.37612567598489965,0.623690529525426,0.37630947047457397,0.6236316155324084,0.3763683844675917,0.6220405342694324,0.3779594657305676
120,1209,False,0.0020189554857551273,111,110,0.1997171599152379,0.19983718511074747,0.19991257928283063,0.1999367765296313,0.20059629916155247,0.00012002519550957658,1.6093600944995872,0.5135135135135135,0.0,0.0,0.0,0.4864864864864865,0.623863487507875,0.37613651249212493,0.623571948153483,0.37642805184651706,0.6233892798571731,0.376610720142827,0.6233307315192909,0.37666926848070925,0.6217504055475316,0.37824959445246836
121,1219,False,0.017860912553500655,95,93,0.20029562637669038,0.20017409153816018,0.2000967978040264,0.20007183413845717,0.19936165014266574,0.0001215348385301962,1.609389561774716,0.5578947368421052,0.010526315789473684,0.0,0.0,0.43157894736842106,0.6212142782736393,0.3787857217263607,0.6209193413688145,0.37908065863118545,0.620734630395409,0.37926536960459095,0.6206754416405096,0.37932455835949036,0.6190805882815767,0.38091941171842325
122,1229,False,0.009075571049663802,97,96,0.19964979272969272,0.19979732291824265,0.1998902660376147,0.19992013960706143,0.20074247870738846,0.0001475301885499325,1.6093851302062099,0.4536082474226804,0.0,0.0,0.0,0.5463917525773195,0.6225488473064473,0.3774511526935527,0.6222606414433193,0.3777393585566808,0.6220801726779561,0.37791982732204377,0.622022347731327,0.3779776522686729,0.6204650986403867,0.3795349013596133
123,1239,False,0.006120183425229758,90,90,0.1996855465968275,0.19981336175453093,0.19989508081681495,0.1999215399699417,0.2006844708618849,0.000127815157703437,1.6093342896371914,0.5,0.0,0.0,0.0,0.5,0.623459558738003,0.37654044126199704,0.6231710411881928,0.3768289588118073,0.6229903525200037,0.37700964747999627,0.6229324530951414,0.3770675469048586,0.621372480522064,0.37862751947793605
124,1249,False,0.012755392680565227,96,96,0.19940834233786978,0.1996532405002767,0.19980865722961008,0.19985879297871947,0.20127096695352406,0.00024489816240691464,1.6093133019437638,0.53125,0.0,0.0,0.0,0.46875,0.6215883109333643,0.3784116890666358,0.6212892824549063,0.3787107175450937,0.6211018969322109,0.3788981030677892,0.6210418330050298,0.37895816699497026,0.6194201928807622,0.3805798071192377
125,1259,False,0.0012573530785431615,86,85,0.19990259966205634,0.19994367332847368,0.19996954129971456,0.19997785423576,0.20020633147399527,4.107366641734056e-05,1.609376721067737,0.5,0.0,0.0,0.0,0.5,0.6217730435292693,0.37822695647073074,0.6214747093493026,0.37852529065069734,0.6212878416780019,0.37871215832199817,0.6212279573035782,0.37877204269642173,0.619613677011781,0.380386322988219
126,1269,False,0.00536472888124321,88,86,0.19988736420016517,0.19993268373441578,0.19996177559610426,0.1999712139343598,0.20024696253495505,4.531953425060409e-05,1.6093853205982442,0.5340909090909091,0.0,0.0,0.0,0.4659090909090909,0.6209772002683909,0.37902279973160913,0.6206776558982657,0.37932234410173427,0.6204900139618806,0.37950998603811936,0.6204298788199919,0.37957012118000805,0.6188083656262928,0.3811916343737071
127,1279,False,0.0006506548932466881,93,91,0.19989330656289744,0.19993544161473226,0.19996271220078077,0.19997159444223295,0.20023694517935647,4.213505183481292e-05,1.609357708008206,0.5591397849462365,0.0,0.0,0.0,0.44086021505376344,0.6211012045388622,0.37889879546113786,0.6207869450454825,0.3792130549545176,0.620590009312075,0.37940999068792497,0.6205268832864725,0.37947311671352746,0.6188224285338467,0.3811775714661532
128,1289,False,0.01114383768538135,88,87,0.19971943713941173,0.19984363391856227,0.19992039147585447,0.1999448198310905,0.2005717176350811,0.00012419677915054272,1.6093873640606275,0.5,0.0,0.0,0.0,0.5,0.6194576549710984,0.38054234502890155,0.6191356259294054,0.38086437407059454,0.6189338757996994,0.3810661242003006,0.6188692155580788,0.38113078444192117,0.6171250659018102,0.3828749340981898
129,1299,False,0.01723035320531342,85,83,0.20004681204312963,0.20002672121157433,0.2000141452071408,0.20001011687383982,0.19990220466431513,2.0090831555297228e-05,1.6093670325598288,0.5176470588235295,0.0,0.0,0.0,0.4823529411764706,0.6220364247955413,0.37796357520445867,0.621709824099556,0.378290175900444,0.621505135244347,0.37849486475565286,0.6214395210924608,0.37856047890753913,0.6196675113750998,0.38033248862490027
130,1309,False,0.0015148939846866716,100,99,0.20003411126233722,0.2000225362853242,0.2000145298982766,0.20001184083894202,0.19991698171511987,1.1574977013012466e-05,1.6094182886792152,0.56,0.0,0.0,0.0,0.44,0.6222436132367538,0.3777563867632462,0.6219242587575435,0.3780757412424565,0.6217241608276649,0.37827583917233504,0.6216600264079828,0.3783399735920172,0.619929458997672,0.380070541002328
131,1319,False,0.0005050796714646229,97,95,0.1995728597566754,0.1997493289209441,0.19986138259270003,0.1998975413749879,0.20091888735469263,0.0001764691642686944,1.6093492166208447,0.4845360824742268,0.0,0.0,0.0,0.5154639175257731,0.6221714304591348,0.37782856954086513,0.621850968861005,0.37814903113899506,0.6216501442235348,0.3783498557764653,0.6215857715232711,0.37841422847672884,0.6198478137699831,0.38015218623001684
132,1329,False,0.00852884467008012,112,109,0.1997588025232308,0.1998545487784125,0.19991637353628627,0.19993648834271044,0.2005337868193599,9.5746255181689e-05,1.6093749522812943,0.5089285714285714,0.0,0.0,0.0,0.49107142857142855,0.6208959185045285,0.37910408149547153,0.620577769687077,0.37942223031292305,0.6203784263178245,0.3796215736821754,0.6203145336225253,0.37968546637747475,0.6185904820854701,0.3814095179145298
133,1339,False,0.0002807923976407674,97,97,0.19947241527510204,0.19968953988182153,0.19982768034263662,0.19987229782823834,0.20113806667220135,0.00021712460671949319,1.609299309178948,0.4845360824742268,0.0,0.0,0.0,0.5154639175257731,0.620845166284782,0.37915483371521785,0.6205314634603567,0.3794685365396432,0.6203349231368179,0.37966507686318207,0.6202719316439543,0.37972806835604567,0.6185726832588012,0.3814273167411988
134,1349,False,0.004915392181718161,88,88,0.19975175490838523,0.19985298270939714,0.19991762005006297,0.19993853494952393,0.20053910738263045,0.00010122780101190498,1.6093852960349608,0.4772727272727273,0.0,0.0,0.0,0.5227272727272727,0.6201172911148127,0.3798827088851872,0.6198014482365813,0.3801985517634186,0.6196035963089848,0.3803964036910153,0.6195401892352018,0.3804598107647982,0.6178306219139131,0.3821693780860868
135,1359,False,0.008020952892342852,105,102,0.1997804556165402,0.19987286788361472,0.19993114223928443,0.19994987944742096,0.2004656548131396,9.241226707451533e-05,1.609354832257919,0.45714285714285713,0.0,0.009523809523809525,0.0,0.5333333333333333,0.6189535782237591,0.3810464217762408,0.6186239105781193,0.3813760894218807,0.6184173817240539,0.3815826182759461,0.618351191252602,0.381648808747398,0.6165661581458628,0.3834338418541372
136,1369,False,0.0011326793224953307,80,78,0.1999586082022283,0.19997110354207054,0.1999802916538491,0.1999834554161541,0.20010654118569793,1.249533984223894e-05,1.6093646081072592,0.475,0.0,0.0,0.0,0.525,0.6191202496270244,0.3808797503729756,0.6187913900285524,0.3812086099714475,0.6185854159328523,0.3814145840671476,0.6185194113578054,0.3814805886421946,0.6167410077813162,0.3832589922186837
137,1379,False,0.006329571656109051,100,99,0.19929135544954923,0.19958516010296368,0.1997714937187142,0.19983158334566092,0.20152040738311222,0.0002938046534144423,1.6093088962340003,0.48,0.0,0.0,0.0,0.52,0.6181613146655469,0.3818386853344531,0.6178379446672849,0.3821620553327151,0.6176355250564995,0.38236447494350034,0.6175706785429759,0.3824293214570242,0.6158269927424396,0.3841730072575604
138,1389,False,0.0018649011312822138,99,97,0.20010460793987295,0.20005620617272993,0.20002679996858772,0.2000175252603815,0.1997948606584278,4.840176714301925e-05,1.6093682438012498,0.6060606060606061,0.0,0.0,0.0,0.3939393939393939,0.6179013618636033,0.3820986381363967,0.6175703903973794,0.3824296096026206,0.6173631817563254,0.3826368182436746,0.6172967960354097,0.38270320396459034,0.6155108154462654,0.38448918455373454
139,1399,False,0.004962886022398689,75,73,0.19945922397710428,0.1996831329756903,0.19982520372740792,0.19987103053567004,0.20116140878412733,0.00022390899858601432,1.6093486991278525,0.4533333333333333,0.0,0.0,0.0,0.5466666666666666,0.6171733113903092,0.38282668860969077,0.6168362681856953,0.3831637318143048,0.6166253055096568,0.38337469449034317,0.6165577247518197,0.3834422752481803,0.614740982306363,0.385259017693637
140,1409,False,0.013818244766104347,114,113,0.19984185090901843,0.1999068793242077,0.1999482420236896,0.19996160135252164,0.2003414263905624,6.502841518926661e-05,1.6093782775674226,0.5614035087719298,0.0,0.0,0.008771929824561403,0.4298245614035088,0.6192344131473935,0.3807655868526065,0.6188986781609327,0.38110132183906725,0.6186885557290087,0.3813114442709913,0.6186212476312452,0.38137875236875474,0.6168124712393408,0.38318752876065915
141,1419,False,0.005631667790946115,101,97,0.20003177973425315,0.20001982969365395,0.20001192694852418,0.20000932666515395,0.19992713695841485,1.195004059920124e-05,1.6093752013046287,0.5148514851485149,0.0,0.0,0.0,0.48514851485148514,0.6200727009813991,0.3799272990186009,0.6197376081718733,0.38026239182812677,0.6195279221058004,0.3804720778941996,0.6194607594433585,0.3805392405566415,0.6176569392241053,0.38234306077589475
142,1429,False,0.014232080075215155,96,94,0.1996086785199904,0.19976867334992765,0.19987068933586405,0.19990367758660524,0.20084828120761264,0.00015999482993725445,1.6093402467976434,0.5520833333333334,0.0,0.0,0.010416666666666666,0.4375,0.6222055249662874,0.37779447503371266,0.6218653523026545,0.3781346476973454,0.621652365113517,0.37834763488648315,0.6215841250542087,0.3784158749457913,0.6197476722287789,0.38025232777122103
143,1439,False,0.0035318506151616903,101,98,0.19955036485690544,0.19972438943691787,0.19983779252024467,0.19987486078335187,0.20101259240258007,0.00017402458001242183,1.609250643598258,0.5247524752475248,0.0,0.0,0.009900990099009901,0.46534653465346537,0.622768515221499,0.37723148477850094,0.6224123453889078,0.3775876546110923,0.6221891165126647,0.3778108834873352,0.6221175575796092,0.3778824424203908,0.6201845044381504,0.3798154955618497
144,1449,False,0.010130440854101547,86,83,0.19888751859827314,0.19934659799753524,0.199638352628439,0.1997325331735033,0.20239499760224924,0.00045907939926209673,1.6091893565885451,0.43023255813953487,0.0,0.0,0.0,0.5697674418604651,0.6243319148320009,0.37566808516799904,0.6239507947175448,0.3760492052824553,0.6237117926884983,0.3762882073115017,0.6236351557377348,0.3763648442622652,0.6215612112953642,0.3784387887046357
145,1459,False,0.005245494728300327,102,101,0.19986563085601583,0.199910297576198,0.19994131834401907,0.1999517639380226,0.2003309892857445,4.466672018216267e-05,1.6092773784643737,0.5588235294117647,0.0,0.0,0.0,0.4411764705882353,0.6250901066186653,0.37490989338133474,0.6247168579227392,0.3752831420772607,0.6244829492868884,0.3755170507131116,0.6244079717510229,0.37559202824897703,0.6223840958696361,0.3776159041303639
146,1469,False,0.007428332285560026,111,107,0.19965152968469246,0.19979387891343922,0.19988466585810535,0.19991402713088952,0.20075589841287309,0.0001423492287467576,1.6093214971504306,0.4774774774774775,0.0,0.0,0.009009009009009009,0.5135135135135135,0.6240069396691764,0.37599306033082347,0.623625487526574,0.3763745124734259,0.6233864232910828,0.3766135767089171,0.6233097907715172,0.37669020922848284,0.6212407935767693,0.3787592064232306
147,1479,False,0.00023126822824750854,111,109,0.19981298311410703,0.19989241326605506,0.1999422347617192,0.19995821573934097,0.20039415311877776,7.943015194802894e-05,1.6093473966010394,0.5045045045045045,0.0,0.0,0.018018018018018018,0.4774774774774775,0.6239709395073413,0.3760290604926586,0.6235905108216238,0.37640948917837624,0.623352009328321,0.3766479906716789,0.6232755444752703,0.3767244555247297,0.621208820388148,0.37879117961185194
148,1489,False,0.004813031648697568,98,96,0.1995212764341814,0.19972214681682698,0.19984894838475648,0.19988974307813676,0.2010178852860985,0.00020087038264557378,1.6092970801675182,0.3979591836734694,0.01020408163265306,0.0,0.0,0.5918367346938775,0.6232417861199089,0.37675821388009106,0.6228670651224293,0.37713293487757066,0.6226322297773773,0.37736777022262274,0.6225569546973582,0.37744304530264183,0.6205250534160505,0.3794749465839495
149,1499,False,0.0007221448491523101,102,101,0.19984013916606472,0.19990944505429317,0.1999526528684862,0.19996646435748558,0.20033129855367016,6.930588822845474e-05,1.6093956814705705,0.5686274509803921,0.00980392156862745,0.0,0.00980392156862745,0.4117647058823529,0.6231336902083665,0.3768663097916335,0.6227593736546587,0.3772406263453413,0.6225247719487461,0.37747522805125394,0.6224495684644881,0.3775504315355118,0.6204189621058548,0.3795810378941453
150,1509,False,0.012518117025282938,100,98,0.19967933414844258,0.19981498797707778,0.1999003248482288,0.19992773225305524,0.20067762077319545,0.0001356538286352016,1.6093552672035014,0.5,0.0,0.0,0.01,0.49,0.6212737237071825,0.37872627629281747,0.6208979764433119,0.3791020235566881,0.6206625391776,0.37933746082240005,0.6205870778566037,0.3794129221433962,0.6185513574136368,0.38144864258636335
151,1519,False,0.006577249003732437,104,104,0.20014138319155925,0.20008498738644012,0.20004862338011456,0.2000368015077252,0.1996882045341606,5.63958051191249e-05,1.609363271116817,0.5384615384615384,0.0,0.0,0.0,0.46153846153846156,0.6202827619244167,0.3797172380755832,0.6199114560116434,0.38008854398835656,0.6196788567483007,0.3803211432516992,0.6196043141049569,0.38039568589504313,0.6175950682015067,0.3824049317984932
152,1529,False,0.017114373267584443,89,88,0.1999163032246746,0.199953822669187,0.19997685803260384,0.19998416585275533,0.20016885022077904,3.751944451238498e-05,1.6093741632272387,0.5617977528089888,0.0,0.0,0.0,0.43820224719101125,0.6177387561234914,0.3822612438765086,0.6173630342996456,0.3826369657003545,0.6171276035493114,0.38287239645068855,0.617052142917857,0.3829478570821429,0.6150162770201408,0.3849837229798593
153,1539,False,0.011831952591531138,106,102,0.19953126415899097,0.19972378401481755,0.19984638385342363,0.1998859993722389,0.20101256860052882,0.00019251985582657838,1.6092981771998645,0.46226415094339623,0.0,0.0,0.0,0.5377358490566038,0.6160008268028657,0.38399917319713434,0.6156120331851513,0.38438796681484866,0.6153682694160514,0.38463173058394867,0.6152901147014489,0.3847098852985511,0.6131773425383084,0.3868226574616916
154,1549,False,0.0007740823139822892,100,99,0.19996194292300815,0.1999820579908442,0.19999367867555606,0.1999972438421991,0.20006507656839242,2.011506783605732e-05,1.6093688122498013,0.57,0.0,0.0,0.0,0.43,0.6159105558193569,0.3840894441806431,0.6155117535584077,0.3844882464415923,0.6152617603102594,0.3847382396897406,0.6151816156954881,0.38481838430451193,0.6130163435088786,0.38698365649112154
155,1559,False,0.016065967695671306,76,75,0.20011894203313768,0.20006721811256262,0.20003503672244785,0.20002475886439067,0.1997540442674611,5.172392057506414e-05,1.609314861428822,0.5789473684210527,0.0,0.0,0.0,0.42105263157894735,0.618298015279308,0.381701984720692,0.617905737132661,0.382094262867339,0.6176598663235302,0.3823401336764699,0.6175810487110109,0.3824189512889892,0.6154526568114639,0.38454734318853623
156,1569,False,0.0030740327914060583,94,92,0.19995489668027247,0.19997646310257505,0.19998939599448115,0.1999934468652521,0.20008579735741905,2.1566422302582433e-05,1.6093724189767686,0.5106382978723404,0.0,0.0,0.0,0.48936170212765956,0.618751910011952,0.38124808998804804,0.6183616434456062,0.3816383565543939,0.6181170896448266,0.3818829103551734,0.6180387033472877,0.38196129665271233,0.6159236023608089,0.3840763976391911
157,1579,False,0.007952566625438367,119,118,0.2000292871210572,0.20001765295710525,0.2000101358198458,0.2000076897305555,0.19993523437143632,1.163416395194572e-05,1.6093899852941864,0.6218487394957983,0.0,0.0,0.0,0.37815126050420167,0.6199440148503221,0.38005598514967787,0.6195512611273699,0.38044873887263,0.6193052074617982,0.3806947925382018,0.6192263499890208,0.38077365001097924,0.6171002901190471,0.3828997098809529
158,1589,False,0.012394964390704666,115,115,0.2005184508543842,0.2002981918724987,0.2001598595144468,0.20011546888372067,0.19890802887494954,0.00022025898188549053,1.6093972623661366,0.6347826086956522,0.0,0.0,0.0,0.3652173913043478,0.621793179604742,0.37820682039525805,0.6213996057333768,0.3786003942666231,0.621153013467672,0.3788469865323279,0.6210739792895025,0.3789260207104976,0.6189423778860166,0.3810576221139834
159,1599,False,0.008398778001753385,81,81,0.20011522646642776,0.2000677369131492,0.2000375117490788,0.20002774927919934,0.19975177559214466,4.7489553278573515e-05,1.6093906380777365,0.5432098765432098,0.0,0.0,0.0,0.4567901234567901,0.6230446680085532,0.3769553319914468,0.6226503679153446,0.37734963208465544,0.62240329345644,0.37759670654356015,0.6223241003131067,0.3776758996868934,0.6201874120919646,0.37981258790803546
160,1609,False,0.01669198805457627,107,106,0.19973798215400557,0.1998431998687292,0.19991081860275844,0.1999327672344192,0.20057523214008757,0.00010521771472363217,1.6093014982433742,0.5794392523364486,0.0,0.0,0.0,0.4205607476635514,0.6255131275123961,0.37448687248760393,0.6251228503781875,0.37487714962181257,0.6248783696519107,0.3751216303480894,0.6248000197477188,0.37519998025228113,0.62268825303093,0.37731174696907005
161,1619,False,0.008277867062557214,90,90,0.20003167387560994,0.2000150206811905,0.20000543492589434,0.20000249709714235,0.19994537342016278,1.665319441943036e-05,1.6093493016676101,0.5666666666666667,0.0,0.0,0.0,0.43333333333333335,0.6243102111451762,0.37568978885482385,0.6239090687129824,0.37609093128701776,0.6236578021975377,0.3763421978024622,0.6235772810709035,0.3764227189290965,0.6214076858124116,0.37859231418758843
162,1629,False,0.0020476513517417587,110,107,0.19945042118473433,0.19968066534342732,0.19982608059800452,0.19987287643066035,0.20116995644317331,0.00023024415869299375,1.609287186549369,0.44545454545454544,0.0,0.0,0.0,0.5545454545454546,0.6240468651344161,0.37595313486558396,0.6236299909396195,0.37637000906038054,0.6233687428572331,0.37663125714276685,0.6232850023577649,0.37671499764223515,0.621024994033451,0.378975005966549
163,1639,False,0.0049950109034456675,114,112,0.20025790544133154,0.2001521250431271,0.2000847501755337,0.20006297598100065,0.1994422433590071,0.0001057803982044414,1.6093777769282516,0.5789473684210527,0.0,0.0,0.0,0.42105263157894735,0.6233110714992427,0.37668892850075736,0.622891218606381,0.3771087813936191,0.6226281632683824,0.37737183673161756,0.6225438532304651,0.377456146769535,0.6202702902058245,0.3797297097941756
164,1649,False,0.004118198164239008,86,85,0.20007109756244115,0.20004486601497565,0.20002738200144377,0.20002160758779633,0.1998350468333432,2.6231547465505045e-05,1.6093846106511884,0.5116279069767442,0.0,0.0,0.0,0.4883720930232558,0.6226927283368513,0.37730727166314876,0.6222753249788912,0.37772467502110874,0.6220138347531646,0.3779861652468354,0.6219300314288705,0.37806996857112946,0.6196711415972991,0.3803288584027009
165,1659,False,0.002856363795184072,95,93,0.19953777307862777,0.19972295601123868,0.19984208236531703,0.19988076863311904,0.20101641991169752,0.00018518293261091112,1.609299067326226,0.47368421052631576,0.0,0.0,0.0,0.5263157894736842,0.6231423946337673,0.3768576053662328,0.6227141794248096,0.37728582057519044,0.6224458506823362,0.37755414931766385,0.6223598449700167,0.3776401550299832,0.6200395530313838,0.37996044696861614
166,1669,False,0.003388494535925025,99,97,0.1996375635751002,0.19979149377810893,0.19988815599556753,0.1999191737380722,0.20076361291315112,0.00015393020300871751,1.6093131525254152,0.5555555555555556,0.0,0.0,0.0,0.4444444444444444,0.6236744851244013,0.37632551487559873,0.6232337960251274,0.37676620397487265,0.6229576140128417,0.37704238598715833,0.6228690851531964,0.37713091484680367,0.6204796361421542,0.3795203638578459
167,1679,False,0.00608923550735083,108,107,0.19968558007349715,0.19981548663610282,0.19989800454197265,0.19992463532879182,0.20067629341963553,0.00012990656260566946,1.609338659719222,0.5462962962962963,0.0,0.0,0.0,0.4537037037037037,0.6246015545068677,0.3753984454931323,0.62415113922973,0.3758488607702701,0.6238688334126863,0.37613116658731366,0.6237783368907124,0.3762216631092876,0.6213348658653245,0.37866513413467556
168,1689,False,0.007395692164901235,86,86,0.19987422053957454,0.19992730765491265,0.1999607708939844,0.1999715268603878,0.20026617405114067,5.3087115338107393e-05,1.6093701158399336,0.5232558139534884,0.0,0.0,0.0,0.47674418604651164,0.6235128508911034,0.3764871491088965,0.6230578554156632,0.37694214458433684,0.622772769229661,0.3772272307703391,0.6226813962510388,0.3773186037489611,0.6202170172924759,0.379782982707524
169,1699,False,0.002002827089777514,102,101,0.1992364448204339,0.1995532300830681,0.19975411969404727,0.19981889827410915,0.20163730712834171,0.00031678526263420603,1.6092798976215432,0.46078431372549017,0.0,0.0,0.0,0.5392156862745098,0.6232364534252497,0.37676354657475036,0.6227730137041256,0.3772269862958743,0.6224825543923652,0.3775174456076348,0.6223894459324196,0.3776105540675804,0.6198758658241726,0.38012413417582747
170,1709,False,0.0008282463598432865,112,110,0.2001500913651632,0.20008689268523022,0.20004706670371705,0.20003426419626197,0.19968168504962722,6.319867993298534e-05,1.609330430333771,0.5535714285714286,0.0,0.0,0.0,0.44642857142857145,0.6231188616211728,0.37688113837882714,0.6226529372109708,0.3773470627890292,0.6223609628858165,0.3776390371141835,0.62226737555277,0.37773262444723,0.6197420277528373,0.3802579722471628
171,1719,False,0.0007442336874378492,102,98,0.1998076117924934,0.19988415106796578,0.19993354136318459,0.1999496047547107,0.20042509102164538,7.653927547238148e-05,1.609333731229701,0.5098039215686274,0.0,0.0,0.0,0.49019607843137253,0.6232112338730149,0.3767887661269851,0.6227524283966271,0.3772475716033728,0.6224649283900522,0.3775350716099478,0.6223727775143186,0.37762722248568126,0.6198866969573981,0.3801133030426019
172,1729,False,0.005995966756610515,102,102,0.20010805297684975,0.20006061277952736,0.2000312285145013,0.20002186456092522,0.19977824116819626,4.7440197322390354e-05,1.6093740466160082,0.5588235294117647,0.0,0.0,0.0,0.4411764705882353,0.6241074235482948,0.37589257645170504,0.6236462386767216,0.3763537613232784,0.62335729186789,0.37664270813211004,0.6232646844119097,0.37673531558809026,0.620767556639413,0.37923244336058703
173,1739,False,0.00578741188029858,119,118,0.20011625567939237,0.20006866206583493,0.2000383200690888,0.20002850988641774,0.19974825229926613,4.759361355743952e-05,1.6093481312125764,0.5210084033613446,0.0,0.0,0.0,0.4789915966386555,0.6232621130652889,0.37673788693471116,0.6227949282521604,0.3772050717478396,0.6225021593886975,0.37749784061130254,0.6224083167089196,0.3775916832910804,0.6198760102954574,0.3801239897045427
174,1749,False,0.008441629167846729,102,101,0.19982718942985606,0.199906849297406,0.1999552822706414,0.19997056582029263,0.2003401131818039,7.965986754993049e-05,1.6093506616697377,0.5,0.00980392156862745,0.0,0.0,0.49019607843137253,0.6220051627831248,0.3779948372168752,0.6215381244174284,0.37846187558257166,0.6212455261162899,0.37875447388371,0.6211517510570739,0.37884824894292624,0.6186236920561461,0.3813763079438539
175,1759,False,0.00355547084127159,88,88,0.19979245765405532,0.1998818955429589,0.19993773294169073,0.19995559758836576,0.200432316272929,8.943788890358739e-05,1.6093746010776657,0.4431818181818182,0.0,0.0,0.011363636363636364,0.5454545454545454,0.622537416641661,0.377462583358339,0.6220693340940476,0.3779306659059523,0.6217760078970943,0.37822399210290575,0.6216819875233522,0.3783180124766478,0.6191451181565087,0.38085488184349137
176,1769,False,0.0030869101797532687,102,99,0.19980644672108333,0.19988825570970822,0.19993970402275887,0.19995622689634698,0.20040936665010242,8.180898862489294e-05,1.6093625755403769,0.5098039215686274,0.0,0.0,0.00980392156862745,0.4803921568627451,0.6220772116201818,0.3779227883798182,0.6216092509678911,0.37839074903210895,0.6213160587263603,0.3786839412736397,0.6212220906267714,0.37877790937322875,0.6186883015247115,0.38131169847528845
177,1779,False,0.005998957593827002,93,91,0.199618570254291,0.1997746429009037,0.19987414895106717,0.19990632301563013,0.200826314878108,0.00015607264661268716,1.6093516529411407,0.44086021505376344,0.0,0.0,0.010752688172043012,0.5483870967741935,0.622993893822849,0.377006106177151,0.6225155546233648,0.37748444537663517,0.622215828937849,0.377784171062151,0.6221197617178958,0.3778802382821042,0.6195283693844799,0.3804716306155201
178,1789,False,0.01591471722166385,98,96,0.19974193082748096,0.19985073026403977,0.19991923315062793,0.19994124571427285,0.20054686004357847,0.00010879943655880964,1.6093539499017682,0.47959183673469385,0.0,0.0,0.0,0.5204081632653061,0.6206391073099723,0.37936089269002776,0.6201543263874286,0.3798456736125713,0.6198505823714592,0.3801494176285408,0.6197532301840629,0.38024676981593697,0.6171277375755592,0.38287226242444083
179,1799,False,0.000710319187904838,114,113,0.19953753773554905,0.19973222385273467,0.19985494045220953,0.19989439253996868,0.20098090541953784,0.0001946861171856218,1.6093505284907277,0.5,0.0,0.0,0.0,0.5,0.6205342510611204,0.3794657489388796,0.6200489130762281,0.3799510869237718,0.6197448481169547,0.3802551518830453,0.6196473976405453,0.3803526023594547,0.6170200822011075,0.38297991779889246
180,1809,False,0.006111729352608963,108,105,0.1993367925157086,0.1996115552225914,0.1997858720658778,0.19984209556295965,0.2014236846328625,0.000274762706882814,1.6092709428001895,0.48148148148148145,0.0,0.0,0.009259259259259259,0.5092592592592593,0.621451383919486,0.3785486160805141,0.6209634190105837,0.37903658098941634,0.620657687826755,0.37934231217324493,0.6205596998316286,0.37944030016837127,0.6179171483318856,0.38208285166811434
181,1819,False,0.014864508646579754,105,103,0.19998602166720586,0.1999966541366116,0.20000219542471634,0.20000378633545923,0.2000113424360069,1.0632469405746914e-05,1.6094004820954304,0.49523809523809526,0.0,0.0,0.009523809523809525,0.49523809523809526,0.6192371830330913,0.3807628169669086,0.6187481249586136,0.38125187504138636,0.6184417149619867,0.3815582850380133,0.6183435104780161,0.3816564895219839,0.6156953804175045,0.3843046195824956
182,1829,False,0.0040877532405788715,80,79,0.20002458836016826,0.2000112431443401,0.2000035526935421,0.2000011993284887,0.19995941647346077,1.334521582815884e-05,1.6092984158250914,0.4875,0.0,0.0,0.0,0.5125,0.6198681979997843,0.3801318020002156,0.619370396199842,0.380629603800158,0.6190583993177224,0.38094160068227745,0.6189583865622927,0.38104161343770726,0.6162583038518039,0.3837416961481961
183,1839,False,0.007257332898119172,111,109,0.2001783219269281,0.20010351481236455,0.20005628414862567,0.2000410879177968,0.19962079119428483,7.480711456356315e-05,1.6093875442506977,0.5315315315315315,0.0,0.0,0.0,0.46846846846846846,0.620946877374684,0.37905312262531593,0.6204505353390515,0.37954946466094863,0.6201394645485049,0.37986053545149506,0.6200397505477739,0.37996024945222606,0.6173481195010165,0.38265188049898347
184,1849,False,0.003457586426614377,102,100,0.19991999831029428,0.1999522857438062,0.19997295913290727,0.1999796594129585,0.20017509740003364,3.2287433511912766e-05,1.6093617894431043,0.5294117647058824,0.0,0.0,0.0,0.47058823529411764,0.6214571530778893,0.3785428469221107,0.6209627831523303,0.3790372168476697,0.6206529763882332,0.3793470236117667,0.6205536721824028,0.3794463278175972,0.6178739655393155,0.38212603446068444
185,1859,False,0.01019969057384667,87,86,0.2001747064387476,0.20010106074421588,0.2000546157753545,0.20003968308046277,0.19962993396121928,7.364569453172098e-05,1.6093757734009029,0.5977011494252874,0.0,0.0,0.0,0.40229885057471265,0.6229881273037676,0.3770118726962324,0.622488638016561,0.37751136198343904,0.6221755217669018,0.37782447823309817,0.6220751402524728,0.3779248597475272,0.6193633688135747,0.3806366311864253
186,1869,False,0.0007337429275840703,94,93,0.19980351570301433,0.19988583621950942,0.19993784701135073,0.19995458622930226,0.20041821483682337,8.232051649509353e-05,1.6093349411814166,0.4787234042553192,0.0,0.0,0.0,0.5212765957446809,0.6230947925223473,0.3769052074776526,0.6225962392987849,0.37740376070121495,0.6222837344099584,0.3777162655900415,0.6221835529219744,0.37781644707802564,0.6194779399807775,0.38052206001922256
187,1879,False,0.0018037710603043399,110,108,0.2001920898298831,0.20010468240892443,0.20005123680459003,0.20003432252879236,0.19961766842781006,8.740742095866838e-05,1.6093334992644195,0.5636363636363636,0.0,0.0,0.0,0.43636363636363634,0.6233590473484201,0.37664095265158,0.6228620634077637,0.3771379365922362,0.6225505679899271,0.3774494320100729,0.6224507143573256,0.37754928564267437,0.6197547505697337,0.3802452494302663
188,1889,False,0.004467338342264425,117,117,0.20012130695354186,0.20006595562675605,0.20003217027517442,0.2000214866327627,0.19975908051176489,5.53513267858019e-05,1.6094058038263963,0.5128205128205128,0.0,0.008547008547008548,0.0,0.47863247863247865,0.6240298662218648,0.3759701337781351,0.6235298533972506,0.3764701466027493,0.6232164756165248,0.37678352438347523,0.6231160211059182,0.3768839788940818,0.6204042443841173,0.3795957556158827
189,1899,False,0.0049810856727354165,115,114,0.19969195379160226,0.19982426621729926,0.19990699697946296,0.199933485422033,0.20064329758960253,0.00013231242569700097,1.6093019820473846,0.45217391304347826,0.0,0.0,0.008695652173913044,0.5391304347826087,0.6232905113037932,0.37670948869620685,0.6227900446629997,0.3772099553370003,0.6224763904882198,0.3775236095117802,0.6223758488918099,0.37762415110819014,0.6196621279932671,0.38033787200673275
190,1909,False,0.008671996687240387,87,87,0.19992549579172397,0.1999591913609095,0.1999797792604446,0.19998629568565401,0.2001492379012679,3.369556918553229e-05,1.6093618325246426,0.47126436781609193,0.0,0.0,0.0,0.5287356321839081,0.6220212218050053,0.3779787781949947,0.6215121115190294,0.3784878884809706,0.6211929835876355,0.37880701641236453,0.6210906780140361,0.378909321985964,0.6183275497862666,0.38167245021373347
191,1919,False,0.003049701575551127,99,98,0.19978814607788897,0.19987442914609505,0.19992955109645294,0.19994739153488686,0.2004604821446761,8.628306820607223e-05,1.6093723319734066,0.5252525252525253,0.0,0.0,0.010101010101010102,0.46464646464646464,0.621578114431806,0.378421885568194,0.6210645071510048,0.37893549284899514,0.6207425210185349,0.3792574789814651,0.6206392927202916,0.3793607072797084,0.617850044633359,0.3821499553666409
192,1929,False,0.00222389896745495,93,93,0.20005743270039997,0.20003091597092298,0.2000148390879893,0.20000977126625605,0.1998870409744319,2.6516729476983025e-05,1.6093782510754824,0.5053763440860215,0.0,0.0,0.010752688172043012,0.4838709677419355,0.6212483015152102,0.3787516984847898,0.620734038282385,0.37926596171761495,0.6204116460465938,0.37958835395340623,0.6203082883827641,0.37969171161723586,0.6175156962457058,0.3824843037542941
193,1939,False,0.0034743809544649064,111,109,0.20000249964863026,0.1999962305580421,0.19999361873116933,0.19999299547463795,0.20001465558752032,6.269090588151283e-06,1.6093035833349667,0.6036036036036037,0.0,0.0,0.0,0.3963963963963964,0.6217670923462848,0.37823290765371514,0.6212522081437202,0.3787477918562799,0.6209294468394353,0.37907055316056465,0.6208259742171137,0.3791740257828862,0.6180309287849991,0.3819690712150009
194,1949,False,0.0023022631032021904,86,84,0.19934870823116754,0.1996121976276028,0.19978103267625485,0.1998357551569239,0.2014223063080507,0.0002634893964352514,1.6092389626144274,0.5116279069767442,0.0,0.0,0.0,0.4883720930232558,0.6221340142891663,0.3778659857108338,0.6216084959472172,0.3783915040527827,0.6212790228155468,0.37872097718445324,0.6211733910763156,0.37882660892368447,0.6183187072801342,0.38168129271986595
195,1959,False,0.010683206721695235,93,88,0.20027869948662833,0.20016020166545326,0.2000857885871756,0.20006191179393695,0.19941339846680578,0.00011849782117506757,1.6093455802964758,0.6236559139784946,0.0,0.0,0.0,0.3763440860215054,0.6237219752728842,0.37627802472711575,0.6231970784071608,0.3768029215928393,0.6228679578943459,0.3771320421056541,0.6227624332279634,0.3772375667720365,0.6199095856661268,0.3800904143338732
196,1969,False,0.0015620615671697727,107,107,0.19977998875914293,0.19987309120749397,0.19993165172610744,0.19995045807285786,0.2004648102343979,9.310244835103454e-05,1.6093101783487118,0.5233644859813084,0.009345794392523364,0.0,0.0,0.4672897196261682,0.6239644911222006,0.3760355088777993,0.6234347696803307,0.37656523031966915,0.623102692277893,0.37689730772210694,0.6229962305970637,0.37700376940293634,0.6201200128943959,0.3798799871056041
197,1979,False,0.011429477485213708,93,92,0.20041546926631343,0.20023620621226987,0.20012433742448996,0.20008855423165783,0.19913543286526886,0.00017926305404356024,1.6093786355456141,0.6344086021505376,0.0,0.0,0.0,0.3655913978494624,0.6222607605231595,0.3777392394768405,0.6217327781729455,0.37826722182705463,0.6214017809883083,0.37859821901169166,0.6212956639689322,0.3787043360310678,0.618428445120213,0.38157155487978694
198,1989,False,0.00627852853148352,92,86,0.2002246605012932,0.2001353849716617,0.20007780183768295,0.20005907495764613,0.19950307773171588,8.927552963150509e-05,1.6093767999081126,0.5434782608695652,0.010869565217391304,0.0,0.0,0.44565217391304346,0.6232018623649506,0.3767981376350495,0.6226709410931992,0.3773290589068008,0.6223380836432505,0.37766191635674956,0.6222313673140256,0.37776863268597444,0.6193474156259101,0.38065258437408994
199,1999,False,0.0012260740889630745,103,99,0.2002065665334869,0.20011822707612373,0.20006293779967768,0.20004522416152984,0.1995670444291819,8.833945736316795e-05,1.609338879672173,0.5631067961165048,0.0,0.0,0.0,0.4368932038834951,0.6230026116916733,0.3769973883083268,0.6224790014044652,0.3775209985955349,0.6221508298478763,0.3778491701521237,0.6220456326064,0.37795436739359994,0.6192058386353869,0.3807941613646131