round,prototype_step_m,theta_0_0,theta_0_1,theta_1_0,theta_1_1,theta_2_0,theta_2_1,theta_3_0,theta_3_1,theta_4_0,theta_4_1,softmax_0_0,softmax_0_1,softmax_1_0,softmax_1_1,softmax_2_0,softmax_2_1,softmax_3_0,softmax_3_1,softmax_4_0,softmax_4_1
0,0,-0.013233017869810513,-0.05120211387398793,0.05259648314721713,0.04934892440220069,-0.02327025722603672,-0.03709164438722095,0.0639030901424664,-0.027496423176165703,-0.008168117389054902,0.09004835570789392,0.5094911337855748,0.49050886621442513,0.500811888972696,0.49918811102730404,0.5034552917848915,0.4965447082151086,0.5228339845289414,0.4771660154710586,0.47546560109561486,0.5245343989043851
1,0,-0.013233017869810513,-0.05120211387398793,0.05259648314721713,0.04934892440220069,-0.02327025722603672,-0.03709164438722095,0.0639030901424664,-0.027496423176165703,-0.008168117389054902,0.09004835570789392,0.5094911337855748,0.49050886621442513,0.500811888972696,0.49918811102730404,0.5034552917848915,0.4965447082151086,0.5228339845289414,0.4771660154710586,0.47546560109561486,0.5245343989043851
2,0,-0.013233017869810513,-0.05120211387398793,0.05259648314721713,0.04934892440220069,-0.02327025722603672,-0.03709164438722095,0.0639030901424664,-0.027496423176165703,-0.008168117389054902,0.09004835570789392,0.5094911337855748,0.49050886621442513,0.500811888972696,0.49918811102730404,0.5034552917848915,0.4965447082151086,0.5228339845289414,0.4771660154710586,0.47546560109561486,0.5245343989043851
3,0,-0.013233017869810513,-0.05120211387398793,0.05259648314721713,0.04934892440220069,-0.02327025722603672,-0.03709164438722095,0.0639030901424664,-0.027496423176165703,-0.008168117389054902,0.09004835570789392,0.5094911337855748,0.49050886621442513,0.500811888972696,0.49918811102730404,0.5034552917848915,0.4965447082151086,0.5228339845289414,0.4771660154710586,0.47546560109561486,0.5245343989043851
4,0,-0.013233017869810513,-0.05120211387398793,0.05259648314721713,0.04934892440220069,-0.02327025722603672,-0.03709164438722095,0.0639030901424664,-0.027496423176165703,-0.008168117389054902,0.09004835570789392,0.5094911337855748,0.49050886621442513,0.500811888972696,0.49918811102730404,0.5034552917848915,0.4965447082151086,0.5228339845289414,0.4771660154710586,0.47546560109561486,0.5245343989043851
5,0,-0.013233017869810513,-0.05120211387398793,0.05259648314721713,0.04934892440220069,-0.02327025722603672,-0.03709164438722095,0.0639030901424664,-0.027496423176165703,-0.008168117389054902,0.09004835570789392,0.5094911337855748,0.49050886621442513,0.500811888972696,0.49918811102730404,0.5034552917848915,0.4965447082151086,0.5228339845289414,0.4771660154710586,0.47546560109561486,0.5245343989043851
6,0,-0.013233017869810513,-0.05120211387398793,0.05259648314721713,0.04934892440220069,-0.02327025722603672,-0.03709164438722095,0.0639030901424664,-0.027496423176165703,-0.008168117389054902,0.09004835570789392,0.5094911337855748,0.49050886621442513,0.500811888972696,0.49918811102730404,0.5034552917848915,0.4965447082151086,0.5228339845289414,0.4771660154710586,0.47546560109561486,0.5245343989043851
7,0,-0.013233017869810513,-0.05120211387398793,0.05259648314721713,0.04934892440220069,-0.02327025722603672,-0.03709164438722095,0.0639030901424664,-0.027496423176165703,-0.008168117389054902,0.09004835570789392,0.5094911337855748,0.49050886621442513,0.500811888972696,0.49918811102730404,0.5034552917848915,0.4965447082151086,0.5228339845289414,0.4771660154710586,0.47546560109561486,0.5245343989043851
8,0,-0.013233017869810513,-0.05120211387398793,0.05259648314721713,0.04934892440220069,-0.02327025722603672,-0.03709164438722095,0.0639030901424664,-0.027496423176165703,-0.008168117389054902,0.09004835570789392,0.5094911337855748,0.49050886621442513,0.500811888972696,0.49918811102730404,0.5034552917848915,0.4965447082151086,0.5228339845289414,0.4771660154710586,0.47546560109561486,0.5245343989043851
9,1,0.6142150598179027,-0.6786501915617007,0.7186658996903766,-0.6167204921409589,0.6310409693709368,-0.6914028709841955,0.6318935675463486,-0.5954869005800477,0.7704421927111158,-0.6885619543922767,0.7846317678473719,0.21536823215262804,0.7917302114069571,0.2082697885930429,0.7895880105294497,0.2104119894705504,0.7733597660949991,0.22664023390500082,0.8113803144264949,0.1886196855735051
10,1,0.6142150598179027,-0.6786501915617007,0.7186658996903766,-0.6167204921409589,0.6310409693709368,-0.6914028709841955,0.6318935675463486,-0.5954869005800477,0.7704421927111158,-0.6885619543922767,0.7846317678473719,0.21536823215262804,0.7917302114069571,0.2082697885930429,0.7895880105294497,0.2104119894705504,0.7733597660949991,0.22664023390500082,0.8113803144264949,0.1886196855735051
11,1,0.6142150598179027,-0.6786501915617007,0.7186658996903766,-0.6167204921409589,0.6310409693709368,-0.6914028709841955,0.6318935675463486,-0.5954869005800477,0.7704421927111158,-0.6885619543922767,0.7846317678473719,0.21536823215262804,0.7917302114069571,0.2082697885930429,0.7895880105294497,0.2104119894705504,0.7733597660949991,0.22664023390500082,0.8113803144264949,0.1886196855735051
12,1,0.6142150598179027,-0.6786501915617007,0.7186658996903766,-0.6167204921409589,0.6310409693709368,-0.6914028709841955,0.6318935675463486,-0.5954869005800477,0.7704421927111158,-0.6885619543922767,0.7846317678473719,0.21536823215262804,0.7917302114069571,0.2082697885930429,0.7895880105294497,0.2104119894705504,0.7733597660949991,0.22664023390500082,0.8113803144264949,0.1886196855735051
13,1,0.6142150598179027,-0.6786501915617007,0.7186658996903766,-0.6167204921409589,0.6310409693709368,-0.6914028709841955,0.6318935675463486,-0.5954869005800477,0.7704421927111158,-0.6885619543922767,0.7846317678473719,0.21536823215262804,0.7917302114069571,0.2082697885930429,0.7895880105294497,0.2104119894705504,0.7733597660949991,0.22664023390500082,0.8113803144264949,0.1886196855735051
14,1,0.6142150598179027,-0.6786501915617007,0.7186658996903766,-0.6167204921409589,0.6310409693709368,-0.6914028709841955,0.6318935675463486,-0.5954869005800477,0.7704421927111158,-0.6885619543922767,0.7846317678473719,0.21536823215262804,0.7917302114069571,0.2082697885930429,0.7895880105294497,0.2104119894705504,0.7733597660949991,0.22664023390500082,0.8113803144264949,0.1886196855735051
15,1,0.6142150598179027,-0.6786501915617007,0.7186658996903766,-0.6167204921409589,0.6310409693709368,-0.6914028709841955,0.6318935675463486,-0.5954869005800477,0.7704421927111158,-0.6885619543922767,0.7846317678473719,0.21536823215262804,0.7917302114069571,0.2082697885930429,0.7895880105294497,0.2104119894705504,0.7733597660949991,0.22664023390500082,0.8113803144264949,0.1886196855735051
16,1,0.6142150598179027,-0.6786501915617007,0.7186658996903766,-0.6167204921409589,0.6310409693709368,-0.6914028709841955,0.6318935675463486,-0.5954869005800477,0.7704421927111158,-0.6885619543922767,0.7846317678473719,0.21536823215262804,0.7917302114069571,0.2082697885930429,0.7895880105294497,0.2104119894705504,0.7733597660949991,0.22664023390500082,0.8113803144264949,0.1886196855735051
17,1,0.6142150598179027,-0.6786501915617007,0.7186658996903766,-0.6167204921409589,0.6310409693709368,-0.6914028709841955,0.6318935675463486,-0.5954869005800477,0.7704421927111158,-0.6885619543922767,0.7846317678473719,0.21536823215262804,0.7917302114069571,0.2082697885930429,0.7895880105294497,0.2104119894705504,0.7733597660949991,0.22664023390500082,0.8113803144264949,0.1886196855735051
18,1,0.6142150598179027,-0.6786501915617007,0.7186658996903766,-0.6167204921409589,0.6310409693709368,-0.6914028709841955,0.6318935675463486,-0.5954869005800477,0.7704421927111158,-0.6885619543922767,0.7846317678473719,0.21536823215262804,0.7917302114069571,0.2082697885930429,0.7895880105294497,0.2104119894705504,0.7733597660949991,0.22664023390500082,0.8113803144264949,0.1886196855735051
19,2,0.3192932862116232,-0.3837284179554209,0.4070689904192975,-0.3051235828698798,0.3244735756531844,-0.3848354772664433,0.36350375550029845,-0.32709708853399744,0.41282925170727636,-0.33094901338843746,0.6688573820668641,0.3311426179331359,0.6708854572199032,0.3291145427800969,0.6702484677902532,0.32975153220974684,0.6661005741676139,0.333899425832386,0.6778215056627714,0.32217849433722856
20,2,0.3192932862116232,-0.3837284179554209,0.4070689904192975,-0.3051235828698798,0.3244735756531844,-0.3848354772664433,0.36350375550029845,-0.32709708853399744,0.41282925170727636,-0.33094901338843746,0.6688573820668641,0.3311426179331359,0.6708854572199032,0.3291145427800969,0.6702484677902532,0.32975153220974684,0.6661005741676139,0.333899425832386,0.6778215056627714,0.32217849433722856
21,2,0.3192932862116232,-0.3837284179554209,0.4070689904192975,-0.3051235828698798,0.3244735756531844,-0.3848354772664433,0.36350375550029845,-0.32709708853399744,0.41282925170727636,-0.33094901338843746,0.6688573820668641,0.3311426179331359,0.6708854572199032,0.3291145427800969,0.6702484677902532,0.32975153220974684,0.6661005741676139,0.333899425832386,0.6778215056627714,0.32217849433722856
22,2,0.3192932862116232,-0.3837284179554209,0.4070689904192975,-0.3051235828698798,0.3244735756531844,-0.3848354772664433,0.36350375550029845,-0.32709708853399744,0.41282925170727636,-0.33094901338843746,0.6688573820668641,0.3311426179331359,0.6708854572199032,0.3291145427800969,0.6702484677902532,0.32975153220974684,0.6661005741676139,0.333899425832386,0.6778215056627714,0.32217849433722856
23,2,0.3192932862116232,-0.3837284179554209,0.4070689904192975,-0.3051235828698798,0.3244735756531844,-0.3848354772664433,0.36350375550029845,-0.32709708853399744,0.41282925170727636,-0.33094901338843746,0.6688573820668641,0.3311426179331359,0.6708854572199032,0.3291145427800969,0.6702484677902532,0.32975153220974684,0.6661005741676139,0.333899425832386,0.6778215056627714,0.32217849433722856
24,2,0.3192932862116232,-0.3837284179554209,0.4070689904192975,-0.3051235828698798,0.3244735756531844,-0.3848354772664433,0.36350375550029845,-0.32709708853399744,0.41282925170727636,-0.33094901338843746,0.6688573820668641,0.3311426179331359,0.6708854572199032,0.3291145427800969,0.6702484677902532,0.32975153220974684,0.6661005741676139,0.333899425832386,0.6778215056627714,0.32217849433722856
25,2,0.3192932862116232,-0.3837284179554209,0.4070689904192975,-0.3051235828698798,0.3244735756531844,-0.3848354772664433,0.36350375550029845,-0.32709708853399744,0.41282925170727636,-0.33094901338843746,0.6688573820668641,0.3311426179331359,0.6708854572199032,0.3291145427800969,0.6702484677902532,0.32975153220974684,0.6661005741676139,0.333899425832386,0.6778215056627714,0.32217849433722856
26,2,0.3192932862116232,-0.3837284179554209,0.4070689904192975,-0.3051235828698798,0.3244735756531844,-0.3848354772664433,0.36350375550029845,-0.32709708853399744,0.41282925170727636,-0.33094901338843746,0.6688573820668641,0.3311426179331359,0.6708854572199032,0.3291145427800969,0.6702484677902532,0.32975153220974684,0.6661005741676139,0.333899425832386,0.6778215056627714,0.32217849433722856
27,2,0.3192932862116232,-0.3837284179554209,0.4070689904192975,-0.3051235828698798,0.3244735756531844,-0.3848354772664433,0.36350375550029845,-0.32709708853399744,0.41282925170727636,-0.33094901338843746,0.6688573820668641,0.3311426179331359,0.6708854572199032,0.3291145427800969,0.6702484677902532,0.32975153220974684,0.6661005741676139,0.333899425832386,0.6778215056627714,0.32217849433722856
28,2,0.3192932862116232,-0.3837284179554209,0.4070689904192975,-0.3051235828698798,0.3244735756531844,-0.3848354772664433,0.36350375550029845,-0.32709708853399744,0.41282925170727636,-0.33094901338843746,0.6688573820668641,0.3311426179331359,0.6708854572199032,0.3291145427800969,0.6702484677902532,0.32975153220974684,0.6661005741676139,0.333899425832386,0.6778215056627714,0.32217849433722856
29,3,0.2405344935016115,-0.30496962524540894,0.32565961343349153,-0.22371420588407395,0.24390588002865646,-0.30426778164191537,0.28817723340508977,-0.2517705664387884,0.32187008965904584,-0.23998985134020692,0.6330918845399002,0.3669081154600997,0.6339903001077483,0.36600969989225174,0.6337117628489276,0.36628823715107234,0.631800274565837,0.36819972543416307,0.6368827854223114,0.36311721457768864
30,3,0.2405344935016115,-0.30496962524540894,0.32565961343349153,-0.22371420588407395,0.24390588002865646,-0.30426778164191537,0.28817723340508977,-0.2517705664387884,0.32187008965904584,-0.23998985134020692,0.6330918845399002,0.3669081154600997,0.6339903001077483,0.36600969989225174,0.6337117628489276,0.36628823715107234,0.631800274565837,0.36819972543416307,0.6368827854223114,0.36311721457768864
31,3,0.2405344935016115,-0.30496962524540894,0.32565961343349153,-0.22371420588407395,0.24390588002865646,-0.30426778164191537,0.28817723340508977,-0.2517705664387884,0.32187008965904584,-0.23998985134020692,0.6330918845399002,0.3669081154600997,0.6339903001077483,0.36600969989225174,0.6337117628489276,0.36628823715107234,0.631800274565837,0.36819972543416307,0.6368827854223114,0.36311721457768864
32,3,0.2405344935016115,-0.30496962524540894,0.32565961343349153,-0.22371420588407395,0.24390588002865646,-0.30426778164191537,0.28817723340508977,-0.2517705664387884,0.32187008965904584,-0.23998985134020692,0.6330918845399002,0.3669081154600997,0.6339903001077483,0.36600969989225174,0.6337117628489276,0.36628823715107234,0.631800274565837,0.36819972543416307,0.6368827854223114,0.36311721457768864
33,3,0.2405344935016115,-0.30496962524540894,0.32565961343349153,-0.22371420588407395,0.24390588002865646,-0.30426778164191537,0.28817723340508977,-0.2517705664387884,0.32187008965904584,-0.23998985134020692,0.6330918845399002,0.3669081154600997,0.6339903001077483,0.36600969989225174,0.6337117628489276,0.36628823715107234,0.631800274565837,0.36819972543416307,0.6368827854223114,0.36311721457768864
34,3,0.2405344935016115,-0.30496962524540894,0.32565961343349153,-0.22371420588407395,0.24390588002865646,-0.30426778164191537,0.28817723340508977,-0.2517705664387884,0.32187008965904584,-0.23998985134020692,0.6330918845399002,0.3669081154600997,0.6339903001077483,0.36600969989225174,0.6337117628489276,0.36628823715107234,0.631800274565837,0.36819972543416307,0.6368827854223114,0.36311721457768864
35,3,0.2405344935016115,-0.30496962524540894,0.32565961343349153,-0.22371420588407395,0.24390588002865646,-0.30426778164191537,0.28817723340508977,-0.2517705664387884,0.32187008965904584,-0.23998985134020692,0.6330918845399002,0.3669081154600997,0.6339903001077483,0.36600969989225174,0.6337117628489276,0.36628823715107234,0.631800274565837,0.36819972543416307,0.6368827854223114,0.36311721457768864
36,3,0.2405344935016115,-0.30496962524540894,0.32565961343349153,-0.22371420588407395,0.24390588002865646,-0.30426778164191537,0.28817723340508977,-0.2517705664387884,0.32187008965904584,-0.23998985134020692,0.6330918845399002,0.3669081154600997,0.6339903001077483,0.36600969989225174,0.6337117628489276,0.36628823715107234,0.631800274565837,0.36819972543416307,0.6368827854223114,0.36311721457768864
37,3,0.2405344935016115,-0.30496962524540894,0.32565961343349153,-0.22371420588407395,0.24390588002865646,-0.30426778164191537,0.28817723340508977,-0.2517705664387884,0.32187008965904584,-0.23998985134020692,0.6330918845399002,0.3669081154600997,0.6339903001077483,0.36600969989225174,0.6337117628489276,0.36628823715107234,0.631800274565837,0.36819972543416307,0.6368827854223114,0.36311721457768864
38,3,0.2405344935016115,-0.30496962524540894,0.32565961343349153,-0.22371420588407395,0.24390588002865646,-0.30426778164191537,0.28817723340508977,-0.2517705664387884,0.32187008965904584,-0.23998985134020692,0.6330918845399002,0.3669081154600997,0.6339903001077483,0.36600969989225174,0.6337117628489276,0.36628823715107234,0.631800274565837,0.36819972543416307,0.6368827854223114,0.36311721457768864
39,4,0.14087836283508437,-0.20531349457888162,0.22487579045083594,-0.12293038290141836,0.14347263646616848,-0.20383453807942736,0.19012475321667174,-0.1537180862503705,0.21740370138605186,-0.13552346306721294,0.5856938106698244,0.41430618933017566,0.5860854807721381,0.41391451922786193,0.585964423808242,0.41403557619175796,0.5851236915293272,0.4148763084706729,0.5873272282380875,0.41267277176191264
40,4,0.14087836283508437,-0.20531349457888162,0.22487579045083594,-0.12293038290141836,0.14347263646616848,-0.20383453807942736,0.19012475321667174,-0.1537180862503705,0.21740370138605186,-0.13552346306721294,0.5856938106698244,0.41430618933017566,0.5860854807721381,0.41391451922786193,0.585964423808242,0.41403557619175796,0.5851236915293272,0.4148763084706729,0.5873272282380875,0.41267277176191264
41,4,0.14087836283508437,-0.20531349457888162,0.22487579045083594,-0.12293038290141836,0.14347263646616848,-0.20383453807942736,0.19012475321667174,-0.1537180862503705,0.21740370138605186,-0.13552346306721294,0.5856938106698244,0.41430618933017566,0.5860854807721381,0.41391451922786193,0.585964423808242,0.41403557619175796,0.5851236915293272,0.4148763084706729,0.5873272282380875,0.41267277176191264
42,4,0.14087836283508437,-0.20531349457888162,0.22487579045083594,-0.12293038290141836,0.14347263646616848,-0.20383453807942736,0.19012475321667174,-0.1537180862503705,0.21740370138605186,-0.13552346306721294,0.5856938106698244,0.41430618933017566,0.5860854807721381,0.41391451922786193,0.585964423808242,0.41403557619175796,0.5851236915293272,0.4148763084706729,0.5873272282380875,0.41267277176191264
43,4,0.14087836283508437,-0.20531349457888162,0.22487579045083594,-0.12293038290141836,0.14347263646616848,-0.20383453807942736,0.19012475321667174,-0.1537180862503705,0.21740370138605186,-0.13552346306721294,0.5856938106698244,0.41430618933017566,0.5860854807721381,0.41391451922786193,0.585964423808242,0.41403557619175796,0.5851236915293272,0.4148763084706729,0.5873272282380875,0.41267277176191264
44,4,0.14087836283508437,-0.20531349457888162,0.22487579045083594,-0.12293038290141836,0.14347263646616848,-0.20383453807942736,0.19012475321667174,-0.1537180862503705,0.21740370138605186,-0.13552346306721294,0.5856938106698244,0.41430618933017566,0.5860854807721381,0.41391451922786193,0.585964423808242,0.41403557619175796,0.5851236915293272,0.4148763084706729,0.5873272282380875,0.41267277176191264
45,4,0.14087836283508437,-0.20531349457888162,0.22487579045083594,-0.12293038290141836,0.14347263646616848,-0.20383453807942736,0.19012475321667174,-0.1537180862503705,0.21740370138605186,-0.13552346306721294,0.5856938106698244,0.41430618933017566,0.5860854807721381,0.41391451922786193,0.585964423808242,0.41403557619175796,0.5851236915293272,0.4148763084706729,0.5873272282380875,0.41267277176191264
46,4,0.14087836283508437,-0.20531349457888162,0.22487579045083594,-0.12293038290141836,0.14347263646616848,-0.20383453807942736,0.19012475321667174,-0.1537180862503705,0.21740370138605186,-0.13552346306721294,0.5856938106698244,0.41430618933017566,0.5860854807721381,0.41391451922786193,0.585964423808242,0.41403557619175796,0.5851236915293272,0.4148763084706729,0.5873272282380875,0.41267277176191264
47,4,0.14087836283508437,-0.20531349457888162,0.22487579045083594,-0.12293038290141836,0.14347263646616848,-0.20383453807942736,0.19012475321667174,-0.1537180862503705,0.21740370138605186,-0.13552346306721294,0.5856938106698244,0.41430618933017566,0.5860854807721381,0.41391451922786193,0.585964423808242,0.41403557619175796,0.5851236915293272,0.4148763084706729,0.5873272282380875,0.41267277176191264
48,4,0.14087836283508437,-0.20531349457888162,0.22487579045083594,-0.12293038290141836,0.14347263646616848,-0.20383453807942736,0.19012475321667174,-0.1537180862503705,0.21740370138605186,-0.13552346306721294,0.5856938106698244,0.41430618933017566,0.5860854807721381,0.41391451922786193,0.585964423808242,0.41403557619175796,0.5851236915293272,0.4148763084706729,0.5873272282380875,0.41267277176191264
49,5,0.20428279352674014,-0.26871792527053745,0.2879012884097086,-0.185955880860291,0.20661508208841473,-0.2669769837016736,0.25408388244548513,-0.217677215479184,0.27923733422992636,-0.19735709591108758,0.6160937399338096,0.38390626006619044,0.6162962893695303,0.38370371063046965,0.6162335970457629,0.3837664029542372,0.615800499860591,0.38419950013940896,0.6169433772141374,0.38305662278586267
50,5,0.20428279352674014,-0.26871792527053745,0.2879012884097086,-0.185955880860291,0.20661508208841473,-0.2669769837016736,0.25408388244548513,-0.217677215479184,0.27923733422992636,-0.19735709591108758,0.6160937399338096,0.38390626006619044,0.6162962893695303,0.38370371063046965,0.6162335970457629,0.3837664029542372,0.615800499860591,0.38419950013940896,0.6169433772141374,0.38305662278586267
51,5,0.20428279352674014,-0.26871792527053745,0.2879012884097086,-0.185955880860291,0.20661508208841473,-0.2669769837016736,0.25408388244548513,-0.217677215479184,0.27923733422992636,-0.19735709591108758,0.6160937399338096,0.38390626006619044,0.6162962893695303,0.38370371063046965,0.6162335970457629,0.3837664029542372,0.615800499860591,0.38419950013940896,0.6169433772141374,0.38305662278586267
52,5,0.20428279352674014,-0.26871792527053745,0.2879012884097086,-0.185955880860291,0.20661508208841473,-0.2669769837016736,0.25408388244548513,-0.217677215479184,0.27923733422992636,-0.19735709591108758,0.6160937399338096,0.38390626006619044,0.6162962893695303,0.38370371063046965,0.6162335970457629,0.3837664029542372,0.615800499860591,0.38419950013940896,0.6169433772141374,0.38305662278586267
53,5,0.20428279352674014,-0.26871792527053745,0.2879012884097086,-0.185955880860291,0.20661508208841473,-0.2669769837016736,0.25408388244548513,-0.217677215479184,0.27923733422992636,-0.19735709591108758,0.6160937399338096,0.38390626006619044,0.6162962893695303,0.38370371063046965,0.6162335970457629,0.3837664029542372,0.615800499860591,0.38419950013940896,0.6169433772141374,0.38305662278586267
54,5,0.20428279352674014,-0.26871792527053745,0.2879012884097086,-0.185955880860291,0.20661508208841473,-0.2669769837016736,0.25408388244548513,-0.217677215479184,0.27923733422992636,-0.19735709591108758,0.6160937399338096,0.38390626006619044,0.6162962893695303,0.38370371063046965,0.6162335970457629,0.3837664029542372,0.615800499860591,0.38419950013940896,0.6169433772141374,0.38305662278586267
55,5,0.20428279352674014,-0.26871792527053745,0.2879012884097086,-0.185955880860291,0.20661508208841473,-0.2669769837016736,0.25408388244548513,-0.217677215479184,0.27923733422992636,-0.19735709591108758,0.6160937399338096,0.38390626006619044,0.6162962893695303,0.38370371063046965,0.6162335970457629,0.3837664029542372,0.615800499860591,0.38419950013940896,0.6169433772141374,0.38305662278586267
56,5,0.20428279352674014,-0.26871792527053745,0.2879012884097086,-0.185955880860291,0.20661508208841473,-0.2669769837016736,0.25408388244548513,-0.217677215479184,0.27923733422992636,-0.19735709591108758,0.6160937399338096,0.38390626006619044,0.6162962893695303,0.38370371063046965,0.6162335970457629,0.3837664029542372,0.615800499860591,0.38419950013940896,0.6169433772141374,0.38305662278586267
57,5,0.20428279352674014,-0.26871792527053745,0.2879012884097086,-0.185955880860291,0.20661508208841473,-0.2669769837016736,0.25408388244548513,-0.217677215479184,0.27923733422992636,-0.19735709591108758,0.6160937399338096,0.38390626006619044,0.6162962893695303,0.38370371063046965,0.6162335970457629,0.3837664029542372,0.615800499860591,0.38419950013940896,0.6169433772141374,0.38305662278586267
58,5,0.20428279352674014,-0.26871792527053745,0.2879012884097086,-0.185955880860291,0.20661508208841473,-0.2669769837016736,0.25408388244548513,-0.217677215479184,0.27923733422992636,-0.19735709591108758,0.6160937399338096,0.38390626006619044,0.6162962893695303,0.38370371063046965,0.6162335970457629,0.3837664029542372,0.615800499860591,0.38419950013940896,0.6169433772141374,0.38305662278586267
59,6,0.15806552366208307,-0.22250065540588038,0.24174968265415253,-0.13980427510473495,0.16044423847849026,-0.22080614009174915,0.2077521330284344,-0.17134546606213327,0.23323420783932497,-0.15135396952048624,0.5940096511798584,0.40599034882014157,0.5942478439096193,0.40575215609038073,0.5941746436081617,0.4058253563918382,0.5936554363834725,0.40634456361652754,0.5949792371639834,0.4050207628360166
60,6,0.15806552366208307,-0.22250065540588038,0.24174968265415253,-0.13980427510473495,0.16044423847849026,-0.22080614009174915,0.2077521330284344,-0.17134546606213327,0.23323420783932497,-0.15135396952048624,0.5940096511798584,0.40599034882014157,0.5942478439096193,0.40575215609038073,0.5941746436081617,0.4058253563918382,0.5936554363834725,0.40634456361652754,0.5949792371639834,0.4050207628360166
61,6,0.15806552366208307,-0.22250065540588038,0.24174968265415253,-0.13980427510473495,0.16044423847849026,-0.22080614009174915,0.2077521330284344,-0.17134546606213327,0.23323420783932497,-0.15135396952048624,0.5940096511798584,0.40599034882014157,0.5942478439096193,0.40575215609038073,0.5941746436081617,0.4058253563918382,0.5936554363834725,0.40634456361652754,0.5949792371639834,0.4050207628360166
62,6,0.15806552366208307,-0.22250065540588038,0.24174968265415253,-0.13980427510473495,0.16044423847849026,-0.22080614009174915,0.2077521330284344,-0.17134546606213327,0.23323420783932497,-0.15135396952048624,0.5940096511798584,0.40599034882014157,0.5942478439096193,0.40575215609038073,0.5941746436081617,0.4058253563918382,0.5936554363834725,0.40634456361652754,0.5949792371639834,0.4050207628360166
63,6,0.15806552366208307,-0.22250065540588038,0.24174968265415253,-0.13980427510473495,0.16044423847849026,-0.22080614009174915,0.2077521330284344,-0.17134546606213327,0.23323420783932497,-0.15135396952048624,0.5940096511798584,0.40599034882014157,0.5942478439096193,0.40575215609038073,0.5941746436081617,0.4058253563918382,0.5936554363834725,0.40634456361652754,0.5949792371639834,0.4050207628360166
64,6,0.15806552366208307,-0.22250065540588038,0.24174968265415253,-0.13980427510473495,0.16044423847849026,-0.22080614009174915,0.2077521330284344,-0.17134546606213327,0.23323420783932497,-0.15135396952048624,0.5940096511798584,0.40599034882014157,0.5942478439096193,0.40575215609038073,0.5941746436081617,0.4058253563918382,0.5936554363834725,0.40634456361652754,0.5949792371639834,0.4050207628360166
65,6,0.15806552366208307,-0.22250065540588038,0.24174968265415253,-0.13980427510473495,0.16044423847849026,-0.22080614009174915,0.2077521330284344,-0.17134546606213327,0.23323420783932497,-0.15135396952048624,0.5940096511798584,0.40599034882014157,0.5942478439096193,0.40575215609038073,0.5941746436081617,0.4058253563918382,0.5936554363834725,0.40634456361652754,0.5949792371639834,0.4050207628360166
66,6,0.15806552366208307,-0.22250065540588038,0.24174968265415253,-0.13980427510473495,0.16044423847849026,-0.22080614009174915,0.2077521330284344,-0.17134546606213327,0.23323420783932497,-0.15135396952048624,0.5940096511798584,0.40599034882014157,0.5942478439096193,0.40575215609038073,0.5941746436081617,0.4058253563918382,0.5936554363834725,0.40634456361652754,0.5949792371639834,0.4050207628360166
67,6,0.15806552366208307,-0.22250065540588038,0.24174968265415253,-0.13980427510473495,0.16044423847849026,-0.22080614009174915,0.2077521330284344,-0.17134546606213327,0.23323420783932497,-0.15135396952048624,0.5940096511798584,0.40599034882014157,0.5942478439096193,0.40575215609038073,0.5941746436081617,0.4058253563918382,0.5936554363834725,0.40634456361652754,0.5949792371639834,0.4050207628360166
68,6,0.15806552366208307,-0.22250065540588038,0.24174968265415253,-0.13980427510473495,0.16044423847849026,-0.22080614009174915,0.2077521330284344,-0.17134546606213327,0.23323420783932497,-0.15135396952048624,0.5940096511798584,0.40599034882014157,0.5942478439096193,0.40575215609038073,0.5941746436081617,0.4058253563918382,0.5936554363834725,0.40634456361652754,0.5949792371639834,0.4050207628360166
69,7,0.1897858414309489,-0.2542209731747462,0.27316961523816086,-0.17122420768874327,0.1919565557644605,-0.25231845737771924,0.23991773175654685,-0.20351106479024572,0.2637284558540321,-0.18184821753519334,0.609213359220158,0.3907866407798421,0.6093054913410771,0.3906945086589228,0.6092772080301552,0.3907227919698449,0.6090757403655835,0.3909242596344164,0.6095870351912918,0.3904129648087083
70,7,0.1897858414309489,-0.2542209731747462,0.27316961523816086,-0.17122420768874327,0.1919565557644605,-0.25231845737771924,0.23991773175654685,-0.20351106479024572,0.2637284558540321,-0.18184821753519334,0.609213359220158,0.3907866407798421,0.6093054913410771,0.3906945086589228,0.6092772080301552,0.3907227919698449,0.6090757403655835,0.3909242596344164,0.6095870351912918,0.3904129648087083
71,7,0.1897858414309489,-0.2542209731747462,0.27316961523816086,-0.17122420768874327,0.1919565557644605,-0.25231845737771924,0.23991773175654685,-0.20351106479024572,0.2637284558540321,-0.18184821753519334,0.609213359220158,0.3907866407798421,0.6093054913410771,0.3906945086589228,0.6092772080301552,0.3907227919698449,0.6090757403655835,0.3909242596344164,0.6095870351912918,0.3904129648087083
72,7,0.1897858414309489,-0.2542209731747462,0.27316961523816086,-0.17122420768874327,0.1919565557644605,-0.25231845737771924,0.23991773175654685,-0.20351106479024572,0.2637284558540321,-0.18184821753519334,0.609213359220158,0.3907866407798421,0.6093054913410771,0.3906945086589228,0.6092772080301552,0.3907227919698449,0.6090757403655835,0.3909242596344164,0.6095870351912918,0.3904129648087083
73,7,0.1897858414309489,-0.2542209731747462,0.27316961523816086,-0.17122420768874327,0.1919565557644605,-0.25231845737771924,0.23991773175654685,-0.20351106479024572,0.2637284558540321,-0.18184821753519334,0.609213359220158,0.3907866407798421,0.6093054913410771,0.3906945086589228,0.6092772080301552,0.3907227919698449,0.6090757403655835,0.3909242596344164,0.6095870351912918,0.3904129648087083
74,7,0.1897858414309489,-0.2542209731747462,0.27316961523816086,-0.17122420768874327,0.1919565557644605,-0.25231845737771924,0.23991773175654685,-0.20351106479024572,0.2637284558540321,-0.18184821753519334,0.609213359220158,0.3907866407798421,0.6093054913410771,0.3906945086589228,0.6092772080301552,0.3907227919698449,0.6090757403655835,0.3909242596344164,0.6095870351912918,0.3904129648087083
75,7,0.1897858414309489,-0.2542209731747462,0.27316961523816086,-0.17122420768874327,0.1919565557644605,-0.25231845737771924,0.23991773175654685,-0.20351106479024572,0.2637284558540321,-0.18184821753519334,0.609213359220158,0.3907866407798421,0.6093054913410771,0.3906945086589228,0.6092772080301552,0.3907227919698449,0.6090757403655835,0.3909242596344164,0.6095870351912918,0.3904129648087083
76,7,0.1897858414309489,-0.2542209731747462,0.27316961523816086,-0.17122420768874327,0.1919565557644605,-0.25231845737771924,0.23991773175654685,-0.20351106479024572,0.2637284558540321,-0.18184821753519334,0.609213359220158,0.3907866407798421,0.6093054913410771,0.3906945086589228,0.6092772080301552,0.3907227919698449,0.6090757403655835,0.3909242596344164,0.6095870351912918,0.3904129648087083
77,7,0.1897858414309489,-0.2542209731747462,0.27316961523816086,-0.17122420768874327,0.1919565557644605,-0.25231845737771924,0.23991773175654685,-0.20351106479024572,0.2637284558540321,-0.18184821753519334,0.609213359220158,0.3907866407798421,0.6093054913410771,0.3906945086589228,0.6092772080301552,0.3907227919698449,0.6090757403655835,0.3909242596344164,0.6095870351912918,0.3904129648087083
78,7,0.1897858414309489,-0.2542209731747462,0.27316961523816086,-0.17122420768874327,0.1919565557644605,-0.25231845737771924,0.23991773175654685,-0.20351106479024572,0.2637284558540321,-0.18184821753519334,0.609213359220158,0.3907866407798421,0.6093054913410771,0.3906945086589228,0.6092772080301552,0.3907227919698449,0.6090757403655835,0.3909242596344164,0.6095870351912918,0.3904129648087083
79,8,0.2427623261812678,-0.30719745792506514,0.3261282521590306,-0.22418284460961296,0.24492095379183312,-0.30528285540509187,0.29291581552588897,-0.25650914855958784,0.31661674174965493,-0.23473650343081623,0.6341262605657602,0.3658737394342399,0.6342077648265744,0.3657922351734257,0.6341828750094298,0.3658171249905701,0.634002167995891,0.3659978320041089,0.6344494972081898,0.36555050279181023
80,8,0.2427623261812678,-0.30719745792506514,0.3261282521590306,-0.22418284460961296,0.24492095379183312,-0.30528285540509187,0.29291581552588897,-0.25650914855958784,0.31661674174965493,-0.23473650343081623,0.6341262605657602,0.3658737394342399,0.6342077648265744,0.3657922351734257,0.6341828750094298,0.3658171249905701,0.634002167995891,0.3659978320041089,0.6344494972081898,0.36555050279181023
81,8,0.2427623261812678,-0.30719745792506514,0.3261282521590306,-0.22418284460961296,0.24492095379183312,-0.30528285540509187,0.29291581552588897,-0.25650914855958784,0.31661674174965493,-0.23473650343081623,0.6341262605657602,0.3658737394342399,0.6342077648265744,0.3657922351734257,0.6341828750094298,0.3658171249905701,0.634002167995891,0.3659978320041089,0.6344494972081898,0.36555050279181023
82,8,0.2427623261812678,-0.30719745792506514,0.3261282521590306,-0.22418284460961296,0.24492095379183312,-0.30528285540509187,0.29291581552588897,-0.25650914855958784,0.31661674174965493,-0.23473650343081623,0.6341262605657602,0.3658737394342399,0.6342077648265744,0.3657922351734257,0.6341828750094298,0.3658171249905701,0.634002167995891,0.3659978320041089,0.6344494972081898,0.36555050279181023
83,8,0.2427623261812678,-0.30719745792506514,0.3261282521590306,-0.22418284460961296,0.24492095379183312,-0.30528285540509187,0.29291581552588897,-0.25650914855958784,0.31661674174965493,-0.23473650343081623,0.6341262605657602,0.3658737394342399,0.6342077648265744,0.3657922351734257,0.6341828750094298,0.3658171249905701,0.634002167995891,0.3659978320041089,0.6344494972081898,0.36555050279181023
84,8,0.2427623261812678,-0.30719745792506514,0.3261282521590306,-0.22418284460961296,0.24492095379183312,-0.30528285540509187,0.29291581552588897,-0.25650914855958784,0.31661674174965493,-0.23473650343081623,0.6341262605657602,0.3658737394342399,0.6342077648265744,0.3657922351734257,0.6341828750094298,0.3658171249905701,0.634002167995891,0.3659978320041089,0.6344494972081898,0.36555050279181023
85,8,0.2427623261812678,-0.30719745792506514,0.3261282521590306,-0.22418284460961296,0.24492095379183312,-0.30528285540509187,0.29291581552588897,-0.25650914855958784,0.31661674174965493,-0.23473650343081623,0.6341262605657602,0.3658737394342399,0.6342077648265744,0.3657922351734257,0.6341828750094298,0.3658171249905701,0.634002167995891,0.3659978320041089,0.6344494972081898,0.36555050279181023
86,8,0.2427623261812678,-0.30719745792506514,0.3261282521590306,-0.22418284460961296,0.24492095379183312,-0.30528285540509187,0.29291581552588897,-0.25650914855958784,0.31661674174965493,-0.23473650343081623,0.6341262605657602,0.3658737394342399,0.6342077648265744,0.3657922351734257,0.6341828750094298,0.3658171249905701,0.634002167995891,0.3659978320041089,0.6344494972081898,0.36555050279181023
87,8,0.2427623261812678,-0.30719745792506514,0.3261282521590306,-0.22418284460961296,0.24492095379183312,-0.30528285540509187,0.29291581552588897,-0.25650914855958784,0.31661674174965493,-0.23473650343081623,0.6341262605657602,0.3658737394342399,0.6342077648265744,0.3657922351734257,0.6341828750094298,0.3658171249905701,0.634002167995891,0.3659978320041089,0.6344494972081898,0.36555050279181023
88,8,0.2427623261812678,-0.30719745792506514,0.3261282521590306,-0.22418284460961296,0.24492095379183312,-0.30528285540509187,0.29291581552588897,-0.25650914855958784,0.31661674174965493,-0.23473650343081623,0.6341262605657602,0.3658737394342399,0.6342077648265744,0.3657922351734257,0.6341828750094298,0.3658171249905701,0.634002167995891,0.3659978320041089,0.6344494972081898,0.36555050279181023
89,9,0.22715638456754073,-0.2915915163113381,0.3102837252943254,-0.20833831774490788,0.2291491862891009,-0.28951108790235963,0.27767487486561265,-0.24126820789931153,0.30007057386364583,-0.21819033554480716,0.6268549370809421,0.37314506291905786,0.6268254974774345,0.3731745025225655,0.6268344402852548,0.37316555971474524,0.6269005905208599,0.37309940947914005,0.6267410189300301,0.37325898106996996
90,9,0.22715638456754073,-0.2915915163113381,0.3102837252943254,-0.20833831774490788,0.2291491862891009,-0.28951108790235963,0.27767487486561265,-0.24126820789931153,0.30007057386364583,-0.21819033554480716,0.6268549370809421,0.37314506291905786,0.6268254974774345,0.3731745025225655,0.6268344402852548,0.37316555971474524,0.6269005905208599,0.37309940947914005,0.6267410189300301,0.37325898106996996
91,9,0.22715638456754073,-0.2915915163113381,0.3102837252943254,-0.20833831774490788,0.2291491862891009,-0.28951108790235963,0.27767487486561265,-0.24126820789931153,0.30007057386364583,-0.21819033554480716,0.6268549370809421,0.37314506291905786,0.6268254974774345,0.3731745025225655,0.6268344402852548,0.37316555971474524,0.6269005905208599,0.37309940947914005,0.6267410189300301,0.37325898106996996
92,9,0.22715638456754073,-0.2915915163113381,0.3102837252943254,-0.20833831774490788,0.2291491862891009,-0.28951108790235963,0.27767487486561265,-0.24126820789931153,0.30007057386364583,-0.21819033554480716,0.6268549370809421,0.37314506291905786,0.6268254974774345,0.3731745025225655,0.6268344402852548,0.37316555971474524,0.6269005905208599,0.37309940947914005,0.6267410189300301,0.37325898106996996
93,9,0.22715638456754073,-0.2915915163113381,0.3102837252943254,-0.20833831774490788,0.2291491862891009,-0.28951108790235963,0.27767487486561265,-0.24126820789931153,0.30007057386364583,-0.21819033554480716,0.6268549370809421,0.37314506291905786,0.6268254974774345,0.3731745025225655,0.6268344402852548,0.37316555971474524,0.6269005905208599,0.37309940947914005,0.6267410189300301,0.37325898106996996
94,9,0.22715638456754073,-0.2915915163113381,0.3102837252943254,-0.20833831774490788,0.2291491862891009,-0.28951108790235963,0.27767487486561265,-0.24126820789931153,0.30007057386364583,-0.21819033554480716,0.6268549370809421,0.37314506291905786,0.6268254974774345,0.3731745025225655,0.6268344402852548,0.37316555971474524,0.6269005905208599,0.37309940947914005,0.6267410189300301,0.37325898106996996
95,9,0.22715638456754073,-0.2915915163113381,0.3102837252943254,-0.20833831774490788,0.2291491862891009,-0.28951108790235963,0.27767487486561265,-0.24126820789931153,0.30007057386364583,-0.21819033554480716,0.6268549370809421,0.37314506291905786,0.6268254974774345,0.3731745025225655,0.6268344402852548,0.37316555971474524,0.6269005905208599,0.37309940947914005,0.6267410189300301,0.37325898106996996
96,9,0.22715638456754073,-0.2915915163113381,0.3102837252943254,-0.20833831774490788,0.2291491862891009,-0.28951108790235963,0.27767487486561265,-0.24126820789931153,0.30007057386364583,-0.21819033554480716,0.6268549370809421,0.37314506291905786,0.6268254974774345,0.3731745025225655,0.6268344402852548,0.37316555971474524,0.6269005905208599,0.37309940947914005,0.6267410189300301,0.37325898106996996
97,9,0.22715638456754073,-0.2915915163113381,0.3102837252943254,-0.20833831774490788,0.2291491862891009,-0.28951108790235963,0.27767487486561265,-0.24126820789931153,0.30007057386364583,-0.21819033554480716,0.6268549370809421,0.37314506291905786,0.6268254974774345,0.3731745025225655,0.6268344402852548,0.37316555971474524,0.6269005905208599,0.37309940947914005,0.6267410189300301,0.37325898106996996
98,9,0.22715638456754073,-0.2915915163113381,0.3102837252943254,-0.20833831774490788,0.2291491862891009,-0.28951108790235963,0.27767487486561265,-0.24126820789931153,0.30007057386364583,-0.21819033554480716,0.6268549370809421,0.37314506291905786,0.6268254974774345,0.3731745025225655,0.6268344402852548,0.37316555971474524,0.6269005905208599,0.37309940947914005,0.6267410189300301,0.37325898106996996
99,10,0.18446708106464574,-0.2489022128084431,0.2677466127960225,-0.165801205246605,0.18656528035341147,-0.24692718196667024,0.23475982419549096,-0.19835315722918972,0.25800119476618255,-0.17612095644734396,0.6066779370385712,0.3933220629614287,0.6067205356319846,0.3932794643680155,0.6067073270847417,0.3932926729152583,0.60661677413681,0.39338322586318997,0.6068575692846003,0.3931424307153996
100,10,0.18446708106464574,-0.2489022128084431,0.2677466127960225,-0.165801205246605,0.18656528035341147,-0.24692718196667024,0.23475982419549096,-0.19835315722918972,0.25800119476618255,-0.17612095644734396,0.6066779370385712,0.3933220629614287,0.6067205356319846,0.3932794643680155,0.6067073270847417,0.3932926729152583,0.60661677413681,0.39338322586318997,0.6068575692846003,0.3931424307153996
101,10,0.18446708106464574,-0.2489022128084431,0.2677466127960225,-0.165801205246605,0.18656528035341147,-0.24692718196667024,0.23475982419549096,-0.19835315722918972,0.25800119476618255,-0.17612095644734396,0.6066779370385712,0.3933220629614287,0.6067205356319846,0.3932794643680155,0.6067073270847417,0.3932926729152583,0.60661677413681,0.39338322586318997,0.6068575692846003,0.3931424307153996
102,10,0.18446708106464574,-0.2489022128084431,0.2677466127960225,-0.165801205246605,0.18656528035341147,-0.24692718196667024,0.23475982419549096,-0.19835315722918972,0.25800119476618255,-0.17612095644734396,0.6066779370385712,0.3933220629614287,0.6067205356319846,0.3932794643680155,0.6067073270847417,0.3932926729152583,0.60661677413681,0.39338322586318997,0.6068575692846003,0.3931424307153996
103,10,0.18446708106464574,-0.2489022128084431,0.2677466127960225,-0.165801205246605,0.18656528035341147,-0.24692718196667024,0.23475982419549096,-0.19835315722918972,0.25800119476618255,-0.17612095644734396,0.6066779370385712,0.3933220629614287,0.6067205356319846,0.3932794643680155,0.6067073270847417,0.3932926729152583,0.60661677413681,0.39338322586318997,0.6068575692846003,0.3931424307153996
104,10,0.18446708106464574,-0.2489022128084431,0.2677466127960225,-0.165801205246605,0.18656528035341147,-0.24692718196667024,0.23475982419549096,-0.19835315722918972,0.25800119476618255,-0.17612095644734396,0.6066779370385712,0.3933220629614287,0.6067205356319846,0.3932794643680155,0.6067073270847417,0.3932926729152583,0.60661677413681,0.39338322586318997,0.6068575692846003,0.3931424307153996
105,10,0.18446708106464574,-0.2489022128084431,0.2677466127960225,-0.165801205246605,0.18656528035341147,-0.24692718196667024,0.23475982419549096,-0.19835315722918972,0.25800119476618255,-0.17612095644734396,0.6066779370385712,0.3933220629614287,0.6067205356319846,0.3932794643680155,0.6067073270847417,0.3932926729152583,0.60661677413681,0.39338322586318997,0.6068575692846003,0.3931424307153996
106,10,0.18446708106464574,-0.2489022128084431,0.2677466127960225,-0.165801205246605,0.18656528035341147,-0.24692718196667024,0.23475982419549096,-0.19835315722918972,0.25800119476618255,-0.17612095644734396,0.6066779370385712,0.3933220629614287,0.6067205356319846,0.3932794643680155,0.6067073270847417,0.3932926729152583,0.60661677413681,0.39338322586318997,0.6068575692846003,0.3931424307153996
107,10,0.18446708106464574,-0.2489022128084431,0.2677466127960225,-0.165801205246605,0.18656528035341147,-0.24692718196667024,0.23475982419549096,-0.19835315722918972,0.25800119476618255,-0.17612095644734396,0.6066779370385712,0.3933220629614287,0.6067205356319846,0.3932794643680155,0.6067073270847417,0.3932926729152583,0.60661677413681,0.39338322586318997,0.6068575692846003,0.3931424307153996
108,10,0.18446708106464574,-0.2489022128084431,0.2677466127960225,-0.165801205246605,0.18656528035341147,-0.24692718196667024,0.23475982419549096,-0.19835315722918972,0.25800119476618255,-0.17612095644734396,0.6066779370385712,0.3933220629614287,0.6067205356319846,0.3932794643680155,0.6067073270847417,0.3932926729152583,0.60661677413681,0.39338322586318997,0.6068575692846003,0.3931424307153996
109,11,0.21332683364571328,-0.2777619653895106,0.29658823260719464,-0.19464282505777716,0.21541213861758812,-0.2757740402308469,0.26365265827040385,-0.2272459913041026,0.2868052375928915,-0.20492499927405292,0.6203628920084119,0.3796371079915882,0.6203963951592419,0.379603604840758,0.6203858259295503,0.37961417407044973,0.6203181083565747,0.37968189164342536,0.6205139471442166,0.37948605285578346
110,11,0.21332683364571328,-0.2777619653895106,0.29658823260719464,-0.19464282505777716,0.21541213861758812,-0.2757740402308469,0.26365265827040385,-0.2272459913041026,0.2868052375928915,-0.20492499927405292,0.6203628920084119,0.3796371079915882,0.6203963951592419,0.379603604840758,0.6203858259295503,0.37961417407044973,0.6203181083565747,0.37968189164342536,0.6205139471442166,0.37948605285578346
111,11,0.21332683364571328,-0.2777619653895106,0.29658823260719464,-0.19464282505777716,0.21541213861758812,-0.2757740402308469,0.26365265827040385,-0.2272459913041026,0.2868052375928915,-0.20492499927405292,0.6203628920084119,0.3796371079915882,0.6203963951592419,0.379603604840758,0.6203858259295503,0.37961417407044973,0.6203181083565747,0.37968189164342536,0.6205139471442166,0.37948605285578346
112,11,0.21332683364571328,-0.2777619653895106,0.29658823260719464,-0.19464282505777716,0.21541213861758812,-0.2757740402308469,0.26365265827040385,-0.2272459913041026,0.2868052375928915,-0.20492499927405292,0.6203628920084119,0.3796371079915882,0.6203963951592419,0.379603604840758,0.6203858259295503,0.37961417407044973,0.6203181083565747,0.37968189164342536,0.6205139471442166,0.37948605285578346
113,11,0.21332683364571328,-0.2777619653895106,0.29658823260719464,-0.19464282505777716,0.21541213861758812,-0.2757740402308469,0.26365265827040385,-0.2272459913041026,0.2868052375928915,-0.20492499927405292,0.6203628920084119,0.3796371079915882,0.6203963951592419,0.379603604840758,0.6203858259295503,0.37961417407044973,0.6203181083565747,0.37968189164342536,0.6205139471442166,0.37948605285578346
114,11,0.21332683364571328,-0.2777619653895106,0.29658823260719464,-0.19464282505777716,0.21541213861758812,-0.2757740402308469,0.26365265827040385,-0.2272459913041026,0.2868052375928915,-0.20492499927405292,0.6203628920084119,0.3796371079915882,0.6203963951592419,0.379603604840758,0.6203858259295503,0.37961417407044973,0.6203181083565747,0.37968189164342536,0.6205139471442166,0.37948605285578346
115,11,0.21332683364571328,-0.2777619653895106,0.29658823260719464,-0.19464282505777716,0.21541213861758812,-0.2757740402308469,0.26365265827040385,-0.2272459913041026,0.2868052375928915,-0.20492499927405292,0.6203628920084119,0.3796371079915882,0.6203963951592419,0.379603604840758,0.6203858259295503,0.37961417407044973,0.6203181083565747,0.37968189164342536,0.6205139471442166,0.37948605285578346
116,11,0.21332683364571328,-0.2777619653895106,0.29658823260719464,-0.19464282505777716,0.21541213861758812,-0.2757740402308469,0.26365265827040385,-0.2272459913041026,0.2868052375928915,-0.20492499927405292,0.6203628920084119,0.3796371079915882,0.6203963951592419,0.379603604840758,0.6203858259295503,0.37961417407044973,0.6203181083565747,0.37968189164342536,0.6205139471442166,0.37948605285578346
117,11,0.21332683364571328,-0.2777619653895106,0.29658823260719464,-0.19464282505777716,0.21541213861758812,-0.2757740402308469,0.26365265827040385,-0.2272459913041026,0.2868052375928915,-0.20492499927405292,0.6203628920084119,0.3796371079915882,0.6203963951592419,0.379603604840758,0.6203858259295503,0.37961417407044973,0.6203181083565747,0.37968189164342536,0.6205139471442166,0.37948605285578346
118,11,0.21332683364571328,-0.2777619653895106,0.29658823260719464,-0.19464282505777716,0.21541213861758812,-0.2757740402308469,0.26365265827040385,-0.2272459913041026,0.2868052375928915,-0.20492499927405292,0.6203628920084119,0.3796371079915882,0.6203963951592419,0.379603604840758,0.6203858259295503,0.37961417407044973,0.6203181083565747,0.37968189164342536,0.6205139471442166,0.37948605285578346
119,12,0.21395412520181678,-0.2783892569456141,0.2971528000279648,-0.1952073924785473,0.21599578559314295,-0.2763576872064017,0.26437686862236626,-0.22797020165606507,0.28718769650311254,-0.205307458184274,0.6206583177080849,0.37934168229191506,0.6206622755573976,0.3793377244426024,0.6206606934641721,0.379339306535828,0.620659186047053,0.379340813952947,0.6206940506187991,0.379305949381201
120,12,0.21395412520181678,-0.2783892569456141,0.2971528000279648,-0.1952073924785473,0.21599578559314295,-0.2763576872064017,0.26437686862236626,-0.22797020165606507,0.28718769650311254,-0.205307458184274,0.6206583177080849,0.37934168229191506,0.6206622755573976,0.3793377244426024,0.6206606934641721,0.379339306535828,0.620659186047053,0.379340813952947,0.6206940506187991,0.379305949381201
121,12,0.21395412520181678,-0.2783892569456141,0.2971528000279648,-0.1952073924785473,0.21599578559314295,-0.2763576872064017,0.26437686862236626,-0.22797020165606507,0.28718769650311254,-0.205307458184274,0.6206583177080849,0.37934168229191506,0.6206622755573976,0.3793377244426024,0.6206606934641721,0.379339306535828,0.620659186047053,0.379340813952947,0.6206940506187991,0.379305949381201
122,12,0.21395412520181678,-0.2783892569456141,0.2971528000279648,-0.1952073924785473,0.21599578559314295,-0.2763576872064017,0.26437686862236626,-0.22797020165606507,0.28718769650311254,-0.205307458184274,0.6206583177080849,0.37934168229191506,0.6206622755573976,0.3793377244426024,0.6206606934641721,0.379339306535828,0.620659186047053,0.379340813952947,0.6206940506187991,0.379305949381201
123,12,0.21395412520181678,-0.2783892569456141,0.2971528000279648,-0.1952073924785473,0.21599578559314295,-0.2763576872064017,0.26437686862236626,-0.22797020165606507,0.28718769650311254,-0.205307458184274,0.6206583177080849,0.37934168229191506,0.6206622755573976,0.3793377244426024,0.6206606934641721,0.379339306535828,0.620659186047053,0.379340813952947,0.6206940506187991,0.379305949381201
124,12,0.21395412520181678,-0.2783892569456141,0.2971528000279648,-0.1952073924785473,0.21599578559314295,-0.2763576872064017,0.26437686862236626,-0.22797020165606507,0.28718769650311254,-0.205307458184274,0.6206583177080849,0.37934168229191506,0.6206622755573976,0.3793377244426024,0.6206606934641721,0.379339306535828,0.620659186047053,0.379340813952947,0.6206940506187991,0.379305949381201
125,12,0.21395412520181678,-0.2783892569456141,0.2971528000279648,-0.1952073924785473,0.21599578559314295,-0.2763576872064017,0.26437686862236626,-0.22797020165606507,0.28718769650311254,-0.205307458184274,0.6206583177080849,0.37934168229191506,0.6206622755573976,0.3793377244426024,0.6206606934641721,0.379339306535828,0.620659186047053,0.379340813952947,0.6206940506187991,0.379305949381201
126,12,0.21395412520181678,-0.2783892569456141,0.2971528000279648,-0.1952073924785473,0.21599578559314295,-0.2763576872064017,0.26437686862236626,-0.22797020165606507,0.28718769650311254,-0.205307458184274,0.6206583177080849,0.37934168229191506,0.6206622755573976,0.3793377244426024,0.6206606934641721,0.379339306535828,0.620659186047053,0.379340813952947,0.6206940506187991,0.379305949381201
127,12,0.21395412520181678,-0.2783892569456141,0.2971528000279648,-0.1952073924785473,0.21599578559314295,-0.2763576872064017,0.26437686862236626,-0.22797020165606507,0.28718769650311254,-0.205307458184274,0.6206583177080849,0.37934168229191506,0.6206622755573976,0.3793377244426024,0.6206606934641721,0.379339306535828,0.620659186047053,0.379340813952947,0.6206940506187991,0.379305949381201
128,12,0.21395412520181678,-0.2783892569456141,0.2971528000279648,-0.1952073924785473,0.21599578559314295,-0.2763576872064017,0.26437686862236626,-0.22797020165606507,0.28718769650311254,-0.205307458184274,0.6206583177080849,0.37934168229191506,0.6206622755573976,0.3793377244426024,0.6206606934641721,0.379339306535828,0.620659186047053,0.379340813952947,0.6206940506187991,0.379305949381201
129,13,0.2288800143623624,-0.2933151461061597,0.3120673060113254,-0.21012189846190787,0.2309139461090252,-0.29127584772228393,0.27931669641571427,-0.2429100294494131,0.3020593601845188,-0.22017912186568028,0.627660924815417,0.37233907518458287,0.6276595328822484,0.3723404671177516,0.6276596706170142,0.3723403293829858,0.6276683017037332,0.3723316982962668,0.6276710491295214,0.37232895087047846
130,13,0.2288800143623624,-0.2933151461061597,0.3120673060113254,-0.21012189846190787,0.2309139461090252,-0.29127584772228393,0.27931669641571427,-0.2429100294494131,0.3020593601845188,-0.22017912186568028,0.627660924815417,0.37233907518458287,0.6276595328822484,0.3723404671177516,0.6276596706170142,0.3723403293829858,0.6276683017037332,0.3723316982962668,0.6276710491295214,0.37232895087047846
131,13,0.2288800143623624,-0.2933151461061597,0.3120673060113254,-0.21012189846190787,0.2309139461090252,-0.29127584772228393,0.27931669641571427,-0.2429100294494131,0.3020593601845188,-0.22017912186568028,0.627660924815417,0.37233907518458287,0.6276595328822484,0.3723404671177516,0.6276596706170142,0.3723403293829858,0.6276683017037332,0.3723316982962668,0.6276710491295214,0.37232895087047846
132,13,0.2288800143623624,-0.2933151461061597,0.3120673060113254,-0.21012189846190787,0.2309139461090252,-0.29127584772228393,0.27931669641571427,-0.2429100294494131,0.3020593601845188,-0.22017912186568028,0.627660924815417,0.37233907518458287,0.6276595328822484,0.3723404671177516,0.6276596706170142,0.3723403293829858,0.6276683017037332,0.3723316982962668,0.6276710491295214,0.37232895087047846
133,13,0.2288800143623624,-0.2933151461061597,0.3120673060113254,-0.21012189846190787,0.2309139461090252,-0.29127584772228393,0.27931669641571427,-0.2429100294494131,0.3020593601845188,-0.22017912186568028,0.627660924815417,0.37233907518458287,0.6276595328822484,0.3723404671177516,0.6276596706170142,0.3723403293829858,0.6276683017037332,0.3723316982962668,0.6276710491295214,0.37232895087047846
134,13,0.2288800143623624,-0.2933151461061597,0.3120673060113254,-0.21012189846190787,0.2309139461090252,-0.29127584772228393,0.27931669641571427,-0.2429100294494131,0.3020593601845188,-0.22017912186568028,0.627660924815417,0.37233907518458287,0.6276595328822484,0.3723404671177516,0.6276596706170142,0.3723403293829858,0.6276683017037332,0.3723316982962668,0.6276710491295214,0.37232895087047846
135,13,0.2288800143623624,-0.2933151461061597,0.3120673060113254,-0.21012189846190787,0.2309139461090252,-0.29127584772228393,0.27931669641571427,-0.2429100294494131,0.3020593601845188,-0.22017912186568028,0.627660924815417,0.37233907518458287,0.6276595328822484,0.3723404671177516,0.6276596706170142,0.3723403293829858,0.6276683017037332,0.3723316982962668,0.6276710491295214,0.37232895087047846
136,13,0.2288800143623624,-0.2933151461061597,0.3120673060113254,-0.21012189846190787,0.2309139461090252,-0.29127584772228393,0.27931669641571427,-0.2429100294494131,0.3020593601845188,-0.22017912186568028,0.627660924815417,0.37233907518458287,0.6276595328822484,0.3723404671177516,0.6276596706170142,0.3723403293829858,0.6276683017037332,0.3723316982962668,0.6276710491295214,0.37232895087047846
137,13,0.2288800143623624,-0.2933151461061597,0.3120673060113254,-0.21012189846190787,0.2309139461090252,-0.29127584772228393,0.27931669641571427,-0.2429100294494131,0.3020593601845188,-0.22017912186568028,0.627660924815417,0.37233907518458287,0.6276595328822484,0.3723404671177516,0.6276596706170142,0.3723403293829858,0.6276683017037332,0.3723316982962668,0.6276710491295214,0.37232895087047846
138,13,0.2288800143623624,-0.2933151461061597,0.3120673060113254,-0.21012189846190787,0.2309139461090252,-0.29127584772228393,0.27931669641571427,-0.2429100294494131,0.3020593601845188,-0.22017912186568028,0.627660924815417,0.37233907518458287,0.6276595328822484,0.3723404671177516,0.6276596706170142,0.3723403293829858,0.6276683017037332,0.3723316982962668,0.6276710491295214,0.37232895087047846
139,14,0.195979662091072,-0.26041479383486926,0.27922377473839755,-0.17727836718898002,0.19805332064001724,-0.258415222253276,0.24632514558247592,-0.20991847861617474,0.2693701899794284,-0.18748995166058985,0.6121584931206253,0.38784150687937474,0.6121840596731444,0.3878159403268555,0.6121760827372456,0.3878239172627544,0.6121226819749245,0.38787731802507547,0.6122690506663753,0.38773094933362473
140,14,0.195979662091072,-0.26041479383486926,0.27922377473839755,-0.17727836718898002,0.19805332064001724,-0.258415222253276,0.24632514558247592,-0.20991847861617474,0.2693701899794284,-0.18748995166058985,0.6121584931206253,0.38784150687937474,0.6121840596731444,0.3878159403268555,0.6121760827372456,0.3878239172627544,0.6121226819749245,0.38787731802507547,0.6122690506663753,0.38773094933362473
141,14,0.195979662091072,-0.26041479383486926,0.27922377473839755,-0.17727836718898002,0.19805332064001724,-0.258415222253276,0.24632514558247592,-0.20991847861617474,0.2693701899794284,-0.18748995166058985,0.6121584931206253,0.38784150687937474,0.6121840596731444,0.3878159403268555,0.6121760827372456,0.3878239172627544,0.6121226819749245,0.38787731802507547,0.6122690506663753,0.38773094933362473
142,14,0.195979662091072,-0.26041479383486926,0.27922377473839755,-0.17727836718898002,0.19805332064001724,-0.258415222253276,0.24632514558247592,-0.20991847861617474,0.2693701899794284,-0.18748995166058985,0.6121584931206253,0.38784150687937474,0.6121840596731444,0.3878159403268555,0.6121760827372456,0.3878239172627544,0.6121226819749245,0.38787731802507547,0.6122690506663753,0.38773094933362473
143,14,0.195979662091072,-0.26041479383486926,0.27922377473839755,-0.17727836718898002,0.19805332064001724,-0.258415222253276,0.24632514558247592,-0.20991847861617474,0.2693701899794284,-0.18748995166058985,0.6121584931206253,0.38784150687937474,0.6121840596731444,0.3878159403268555,0.6121760827372456,0.3878239172627544,0.6121226819749245,0.38787731802507547,0.6122690506663753,0.38773094933362473
144,14,0.195979662091072,-0.26041479383486926,0.27922377473839755,-0.17727836718898002,0.19805332064001724,-0.258415222253276,0.24632514558247592,-0.20991847861617474,0.2693701899794284,-0.18748995166058985,0.6121584931206253,0.38784150687937474,0.6121840596731444,0.3878159403268555,0.6121760827372456,0.3878239172627544,0.6121226819749245,0.38787731802507547,0.6122690506663753,0.38773094933362473
145,14,0.195979662091072,-0.26041479383486926,0.27922377473839755,-0.17727836718898002,0.19805332064001724,-0.258415222253276,0.24632514558247592,-0.20991847861617474,0.2693701899794284,-0.18748995166058985,0.6121584931206253,0.38784150687937474,0.6121840596731444,0.3878159403268555,0.6121760827372456,0.3878239172627544,0.6121226819749245,0.38787731802507547,0.6122690506663753,0.38773094933362473
146,14,0.195979662091072,-0.26041479383486926,0.27922377473839755,-0.17727836718898002,0.19805332064001724,-0.258415222253276,0.24632514558247592,-0.20991847861617474,0.2693701899794284,-0.18748995166058985,0.6121584931206253,0.38784150687937474,0.6121840596731444,0.3878159403268555,0.6121760827372456,0.3878239172627544,0.6121226819749245,0.38787731802507547,0.6122690506663753,0.38773094933362473
147,14,0.195979662091072,-0.26041479383486926,0.27922377473839755,-0.17727836718898002,0.19805332064001724,-0.258415222253276,0.24632514558247592,-0.20991847861617474,0.2693701899794284,-0.18748995166058985,0.6121584931206253,0.38784150687937474,0.6121840596731444,0.3878159403268555,0.6121760827372456,0.3878239172627544,0.6121226819749245,0.38787731802507547,0.6122690506663753,0.38773094933362473
148,14,0.195979662091072,-0.26041479383486926,0.27922377473839755,-0.17727836718898002,0.19805332064001724,-0.258415222253276,0.24632514558247592,-0.20991847861617474,0.2693701899794284,-0.18748995166058985,0.6121584931206253,0.38784150687937474,0.6121840596731444,0.3878159403268555,0.6121760827372456,0.3878239172627544,0.6121226819749245,0.38787731802507547,0.6122690506663753,0.38773094933362473
149,15,0.1983794715578214,-0.26281460330161865,0.28150482186814374,-0.17955941431872616,0.20037023091122227,-0.260732132524481,0.24891323751564381,-0.2125065705493426,0.2713207782786429,-0.18944053995980437,0.6132974056317568,0.38670259436824317,0.613266612159102,0.3867333878408979,0.6132756547853753,0.3867243452146247,0.6133509399841502,0.38664906001584987,0.6131947664404228,0.3868052335595771
150,15,0.1983794715578214,-0.26281460330161865,0.28150482186814374,-0.17955941431872616,0.20037023091122227,-0.260732132524481,0.24891323751564381,-0.2125065705493426,0.2713207782786429,-0.18944053995980437,0.6132974056317568,0.38670259436824317,0.613266612159102,0.3867333878408979,0.6132756547853753,0.3867243452146247,0.6133509399841502,0.38664906001584987,0.6131947664404228,0.3868052335595771
151,15,0.1983794715578214,-0.26281460330161865,0.28150482186814374,-0.17955941431872616,0.20037023091122227,-0.260732132524481,0.24891323751564381,-0.2125065705493426,0.2713207782786429,-0.18944053995980437,0.6132974056317568,0.38670259436824317,0.613266612159102,0.3867333878408979,0.6132756547853753,0.3867243452146247,0.6133509399841502,0.38664906001584987,0.6131947664404228,0.3868052335595771
152,15,0.1983794715578214,-0.26281460330161865,0.28150482186814374,-0.17955941431872616,0.20037023091122227,-0.260732132524481,0.24891323751564381,-0.2125065705493426,0.2713207782786429,-0.18944053995980437,0.6132974056317568,0.38670259436824317,0.613266612159102,0.3867333878408979,0.6132756547853753,0.3867243452146247,0.6133509399841502,0.38664906001584987,0.6131947664404228,0.3868052335595771
153,15,0.1983794715578214,-0.26281460330161865,0.28150482186814374,-0.17955941431872616,0.20037023091122227,-0.260732132524481,0.24891323751564381,-0.2125065705493426,0.2713207782786429,-0.18944053995980437,0.6132974056317568,0.38670259436824317,0.613266612159102,0.3867333878408979,0.6132756547853753,0.3867243452146247,0.6133509399841502,0.38664906001584987,0.6131947664404228,0.3868052335595771
154,15,0.1983794715578214,-0.26281460330161865,0.28150482186814374,-0.17955941431872616,0.20037023091122227,-0.260732132524481,0.24891323751564381,-0.2125065705493426,0.2713207782786429,-0.18944053995980437,0.6132974056317568,0.38670259436824317,0.613266612159102,0.3867333878408979,0.6132756547853753,0.3867243452146247,0.6133509399841502,0.38664906001584987,0.6131947664404228,0.3868052335595771
155,15,0.1983794715578214,-0.26281460330161865,0.28150482186814374,-0.17955941431872616,0.20037023091122227,-0.260732132524481,0.24891323751564381,-0.2125065705493426,0.2713207782786429,-0.18944053995980437,0.6132974056317568,0.38670259436824317,0.613266612159102,0.3867333878408979,0.6132756547853753,0.3867243452146247,0.6133509399841502,0.38664906001584987,0.6131947664404228,0.3868052335595771
156,15,0.1983794715578214,-0.26281460330161865,0.28150482186814374,-0.17955941431872616,0.20037023091122227,-0.260732132524481,0.24891323751564381,-0.2125065705493426,0.2713207782786429,-0.18944053995980437,0.6132974056317568,0.38670259436824317,0.613266612159102,0.3867333878408979,0.6132756547853753,0.3867243452146247,0.6133509399841502,0.38664906001584987,0.6131947664404228,0.3868052335595771
157,15,0.1983794715578214,-0.26281460330161865,0.28150482186814374,-0.17955941431872616,0.20037023091122227,-0.260732132524481,0.24891323751564381,-0.2125065705493426,0.2713207782786429,-0.18944053995980437,0.6132974056317568,0.38670259436824317,0.613266612159102,0.3867333878408979,0.6132756547853753,0.3867243452146247,0.6133509399841502,0.38664906001584987,0.6131947664404228,0.3868052335595771
158,15,0.1983794715578214,-0.26281460330161865,0.28150482186814374,-0.17955941431872616,0.20037023091122227,-0.260732132524481,0.24891323751564381,-0.2125065705493426,0.2713207782786429,-0.18944053995980437,0.6132974056317568,0.38670259436824317,0.613266612159102,0.3867333878408979,0.6132756547853753,0.3867243452146247,0.6133509399841502,0.38664906001584987,0.6131947664404228,0.3868052335595771
159,16,0.22085591021628978,-0.28529104196008703,0.3040846985194717,-0.20213929097005406,0.22291892528396137,-0.2832808268972201,0.2712248000507381,-0.23481813308443694,0.2941851708753754,-0.2123049325565368,0.6239027966659039,0.3760972033340961,0.6239208731522792,0.3760791268477209,0.623915186005497,0.376084813994503,0.6238783884812796,0.37612161151872037,0.6239833130308544,0.3760166869691456
160,16,0.22085591021628978,-0.28529104196008703,0.3040846985194717,-0.20213929097005406,0.22291892528396137,-0.2832808268972201,0.2712248000507381,-0.23481813308443694,0.2941851708753754,-0.2123049325565368,0.6239027966659039,0.3760972033340961,0.6239208731522792,0.3760791268477209,0.623915186005497,0.376084813994503,0.6238783884812796,0.37612161151872037,0.6239833130308544,0.3760166869691456
161,16,0.22085591021628978,-0.28529104196008703,0.3040846985194717,-0.20213929097005406,0.22291892528396137,-0.2832808268972201,0.2712248000507381,-0.23481813308443694,0.2941851708753754,-0.2123049325565368,0.6239027966659039,0.3760972033340961,0.6239208731522792,0.3760791268477209,0.623915186005497,0.376084813994503,0.6238783884812796,0.37612161151872037,0.6239833130308544,0.3760166869691456
162,16,0.22085591021628978,-0.28529104196008703,0.3040846985194717,-0.20213929097005406,0.22291892528396137,-0.2832808268972201,0.2712248000507381,-0.23481813308443694,0.2941851708753754,-0.2123049325565368,0.6239027966659039,0.3760972033340961,0.6239208731522792,0.3760791268477209,0.623915186005497,0.376084813994503,0.6238783884812796,0.37612161151872037,0.6239833130308544,0.3760166869691456
163,16,0.22085591021628978,-0.28529104196008703,0.3040846985194717,-0.20213929097005406,0.22291892528396137,-0.2832808268972201,0.2712248000507381,-0.23481813308443694,0.2941851708753754,-0.2123049325565368,0.6239027966659039,0.3760972033340961,0.6239208731522792,0.3760791268477209,0.623915186005497,0.376084813994503,0.6238783884812796,0.37612161151872037,0.6239833130308544,0.3760166869691456
164,16,0.22085591021628978,-0.28529104196008703,0.3040846985194717,-0.20213929097005406,0.22291892528396137,-0.2832808268972201,0.2712248000507381,-0.23481813308443694,0.2941851708753754,-0.2123049325565368,0.6239027966659039,0.3760972033340961,0.6239208731522792,0.3760791268477209,0.623915186005497,0.376084813994503,0.6238783884812796,0.37612161151872037,0.6239833130308544,0.3760166869691456
165,16,0.22085591021628978,-0.28529104196008703,0.3040846985194717,-0.20213929097005406,0.22291892528396137,-0.2832808268972201,0.2712248000507381,-0.23481813308443694,0.2941851708753754,-0.2123049325565368,0.6239027966659039,0.3760972033340961,0.6239208731522792,0.3760791268477209,0.623915186005497,0.376084813994503,0.6238783884812796,0.37612161151872037,0.6239833130308544,0.3760166869691456
166,16,0.22085591021628978,-0.28529104196008703,0.3040846985194717,-0.20213929097005406,0.22291892528396137,-0.2832808268972201,0.2712248000507381,-0.23481813308443694,0.2941851708753754,-0.2123049325565368,0.6239027966659039,0.3760972033340961,0.6239208731522792,0.3760791268477209,0.623915186005497,0.376084813994503,0.6238783884812796,0.37612161151872037,0.6239833130308544,0.3760166869691456
167,16,0.22085591021628978,-0.28529104196008703,0.3040846985194717,-0.20213929097005406,0.22291892528396137,-0.2832808268972201,0.2712248000507381,-0.23481813308443694,0.2941851708753754,-0.2123049325565368,0.6239027966659039,0.3760972033340961,0.6239208731522792,0.3760791268477209,0.623915186005497,0.376084813994503,0.6238783884812796,0.37612161151872037,0.6239833130308544,0.3760166869691456
168,16,0.22085591021628978,-0.28529104196008703,0.3040846985194717,-0.20213929097005406,0.22291892528396137,-0.2832808268972201,0.2712248000507381,-0.23481813308443694,0.2941851708753754,-0.2123049325565368,0.6239027966659039,0.3760972033340961,0.6239208731522792,0.3760791268477209,0.623915186005497,0.376084813994503,0.6238783884812796,0.37612161151872037,0.6239833130308544,0.3760166869691456
169,17,0.1978373076574053,-0.26227243940120254,0.28101866962792477,-0.1790732620785072,0.19986724792772537,-0.2602291495409841,0.24828085098340377,-0.2118741840171026,0.2709854812825219,-0.18910524296368333,0.6130402108692313,0.3869597891307686,0.6130359846688371,0.3869640153311629,0.6130370440492294,0.3869629559507705,0.6130509541063411,0.3869490458936589,0.6130356982316222,0.38696430176837776
170,17,0.1978373076574053,-0.26227243940120254,0.28101866962792477,-0.1790732620785072,0.19986724792772537,-0.2602291495409841,0.24828085098340377,-0.2118741840171026,0.2709854812825219,-0.18910524296368333,0.6130402108692313,0.3869597891307686,0.6130359846688371,0.3869640153311629,0.6130370440492294,0.3869629559507705,0.6130509541063411,0.3869490458936589,0.6130356982316222,0.38696430176837776
171,17,0.1978373076574053,-0.26227243940120254,0.28101866962792477,-0.1790732620785072,0.19986724792772537,-0.2602291495409841,0.24828085098340377,-0.2118741840171026,0.2709854812825219,-0.18910524296368333,0.6130402108692313,0.3869597891307686,0.6130359846688371,0.3869640153311629,0.6130370440492294,0.3869629559507705,0.6130509541063411,0.3869490458936589,0.6130356982316222,0.38696430176837776
172,17,0.1978373076574053,-0.26227243940120254,0.28101866962792477,-0.1790732620785072,0.19986724792772537,-0.2602291495409841,0.24828085098340377,-0.2118741840171026,0.2709854812825219,-0.18910524296368333,0.6130402108692313,0.3869597891307686,0.6130359846688371,0.3869640153311629,0.6130370440492294,0.3869629559507705,0.6130509541063411,0.3869490458936589,0.6130356982316222,0.38696430176837776
173,17,0.1978373076574053,-0.26227243940120254,0.28101866962792477,-0.1790732620785072,0.19986724792772537,-0.2602291495409841,0.24828085098340377,-0.2118741840171026,0.2709854812825219,-0.18910524296368333,0.6130402108692313,0.3869597891307686,0.6130359846688371,0.3869640153311629,0.6130370440492294,0.3869629559507705,0.6130509541063411,0.3869490458936589,0.6130356982316222,0.38696430176837776
174,17,0.1978373076574053,-0.26227243940120254,0.28101866962792477,-0.1790732620785072,0.19986724792772537,-0.2602291495409841,0.24828085098340377,-0.2118741840171026,0.2709854812825219,-0.18910524296368333,0.6130402108692313,0.3869597891307686,0.6130359846688371,0.3869640153311629,0.6130370440492294,0.3869629559507705,0.6130509541063411,0.3869490458936589,0.6130356982316222,0.38696430176837776
175,17,0.1978373076574053,-0.26227243940120254,0.28101866962792477,-0.1790732620785072,0.19986724792772537,-0.2602291495409841,0.24828085098340377,-0.2118741840171026,0.2709854812825219,-0.18910524296368333,0.6130402108692313,0.3869597891307686,0.6130359846688371,0.3869640153311629,0.6130370440492294,0.3869629559507705,0.6130509541063411,0.3869490458936589,0.6130356982316222,0.38696430176837776
176,17,0.1978373076574053,-0.26227243940120254,0.28101866962792477,-0.1790732620785072,0.19986724792772537,-0.2602291495409841,0.24828085098340377,-0.2118741840171026,0.2709854812825219,-0.18910524296368333,0.6130402108692313,0.3869597891307686,0.6130359846688371,0.3869640153311629,0.6130370440492294,0.3869629559507705,0.6130509541063411,0.3869490458936589,0.6130356982316222,0.38696430176837776
177,17,0.1978373076574053,-0.26227243940120254,0.28101866962792477,-0.1790732620785072,0.19986724792772537,-0.2602291495409841,0.24828085098340377,-0.2118741840171026,0.2709854812825219,-0.18910524296368333,0.6130402108692313,0.3869597891307686,0.6130359846688371,0.3869640153311629,0.6130370440492294,0.3869629559507705,0.6130509541063411,0.3869490458936589,0.6130356982316222,0.38696430176837776
178,17,0.1978373076574053,-0.26227243940120254,0.28101866962792477,-0.1790732620785072,0.19986724792772537,-0.2602291495409841,0.24828085098340377,-0.2118741840171026,0.2709854812825219,-0.18910524296368333,0.6130402108692313,0.3869597891307686,0.6130359846688371,0.3869640153311629,0.6130370440492294,0.3869629559507705,0.6130509541063411,0.3869490458936589,0.6130356982316222,0.38696430176837776
179,18,0.17376049155827464,-0.23819562330207186,0.25717176428511446,-0.15522635673569693,0.17595076675333987,-0.23631266836659856,0.2238423858743838,-0.18743571890808264,0.24778579651102886,-0.16590555819219024,0.6015568256178015,0.39844317438219856,0.6016627636425678,0.3983372363574322,0.6016304837469545,0.3983695162530456,0.6013943047666996,0.3986056952333004,0.6019726652953341,0.39802733470466584
180,18,0.17376049155827464,-0.23819562330207186,0.25717176428511446,-0.15522635673569693,0.17595076675333987,-0.23631266836659856,0.2238423858743838,-0.18743571890808264,0.24778579651102886,-0.16590555819219024,0.6015568256178015,0.39844317438219856,0.6016627636425678,0.3983372363574322,0.6016304837469545,0.3983695162530456,0.6013943047666996,0.3986056952333004,0.6019726652953341,0.39802733470466584
181,18,0.17376049155827464,-0.23819562330207186,0.25717176428511446,-0.15522635673569693,0.17595076675333987,-0.23631266836659856,0.2238423858743838,-0.18743571890808264,0.24778579651102886,-0.16590555819219024,0.6015568256178015,0.39844317438219856,0.6016627636425678,0.3983372363574322,0.6016304837469545,0.3983695162530456,0.6013943047666996,0.3986056952333004,0.6019726652953341,0.39802733470466584
182,18,0.17376049155827464,-0.23819562330207186,0.25717176428511446,-0.15522635673569693,0.17595076675333987,-0.23631266836659856,0.2238423858743838,-0.18743571890808264,0.24778579651102886,-0.16590555819219024,0.6015568256178015,0.39844317438219856,0.6016627636425678,0.3983372363574322,0.6016304837469545,0.3983695162530456,0.6013943047666996,0.3986056952333004,0.6019726652953341,0.39802733470466584
183,18,0.17376049155827464,-0.23819562330207186,0.25717176428511446,-0.15522635673569693,0.17595076675333987,-0.23631266836659856,0.2238423858743838,-0.18743571890808264,0.24778579651102886,-0.16590555819219024,0.6015568256178015,0.39844317438219856,0.6016627636425678,0.3983372363574322,0.6016304837469545,0.3983695162530456,0.6013943047666996,0.3986056952333004,0.6019726652953341,0.39802733470466584
184,18,0.17376049155827464,-0.23819562330207186,0.25717176428511446,-0.15522635673569693,0.17595076675333987,-0.23631266836659856,0.2238423858743838,-0.18743571890808264,0.24778579651102886,-0.16590555819219024,0.6015568256178015,0.39844317438219856,0.6016627636425678,0.3983372363574322,0.6016304837469545,0.3983695162530456,0.6013943047666996,0.3986056952333004,0.6019726652953341,0.39802733470466584
185,18,0.17376049155827464,-0.23819562330207186,0.25717176428511446,-0.15522635673569693,0.17595076675333987,-0.23631266836659856,0.2238423858743838,-0.18743571890808264,0.24778579651102886,-0.16590555819219024,0.6015568256178015,0.39844317438219856,0.6016627636425678,0.3983372363574322,0.6016304837469545,0.3983695162530456,0.6013943047666996,0.3986056952333004,0.6019726652953341,0.39802733470466584
186,18,0.17376049155827464,-0.23819562330207186,0.25717176428511446,-0.15522635673569693,0.17595076675333987,-0.23631266836659856,0.2238423858743838,-0.18743571890808264,0.24778579651102886,-0.16590555819219024,0.6015568256178015,0.39844317438219856,0.6016627636425678,0.3983372363574322,0.6016304837469545,0.3983695162530456,0.6013943047666996,0.3986056952333004,0.6019726652953341,0.39802733470466584
187,18,0.17376049155827464,-0.23819562330207186,0.25717176428511446,-0.15522635673569693,0.17595076675333987,-0.23631266836659856,0.2238423858743838,-0.18743571890808264,0.24778579651102886,-0.16590555819219024,0.6015568256178015,0.39844317438219856,0.6016627636425678,0.3983372363574322,0.6016304837469545,0.3983695162530456,0.6013943047666996,0.3986056952333004,0.6019726652953341,0.39802733470466584
188,18,0.17376049155827464,-0.23819562330207186,0.25717176428511446,-0.15522635673569693,0.17595076675333987,-0.23631266836659856,0.2238423858743838,-0.18743571890808264,0.24778579651102886,-0.16590555819219024,0.6015568256178015,0.39844317438219856,0.6016627636425678,0.3983372363574322,0.6016304837469545,0.3983695162530456,0.6013943047666996,0.3986056952333004,0.6019726652953341,0.39802733470466584
189,19,0.18397783397461975,-0.248412965718417,0.26735207143066925,-0.16540666388125172,0.1861424526094029,-0.24650435422266162,0.2341148740576133,-0.19770820709131215,0.2578525292208229,-0.1759722909019843,0.6064444245793861,0.393555575420614,0.6065322361805539,0.39346776381944626,0.6065055240315543,0.3934944759684456,0.6063089192453516,0.3936910807546483,0.6067866293455203,0.3932133706544797
190,19,0.18397783397461975,-0.248412965718417,0.26735207143066925,-0.16540666388125172,0.1861424526094029,-0.24650435422266162,0.2341148740576133,-0.19770820709131215,0.2578525292208229,-0.1759722909019843,0.6064444245793861,0.393555575420614,0.6065322361805539,0.39346776381944626,0.6065055240315543,0.3934944759684456,0.6063089192453516,0.3936910807546483,0.6067866293455203,0.3932133706544797
191,19,0.18397783397461975,-0.248412965718417,0.26735207143066925,-0.16540666388125172,0.1861424526094029,-0.24650435422266162,0.2341148740576133,-0.19770820709131215,0.2578525292208229,-0.1759722909019843,0.6064444245793861,0.393555575420614,0.6065322361805539,0.39346776381944626,0.6065055240315543,0.3934944759684456,0.6063089192453516,0.3936910807546483,0.6067866293455203,0.3932133706544797
192,19,0.18397783397461975,-0.248412965718417,0.26735207143066925,-0.16540666388125172,0.1861424526094029,-0.24650435422266162,0.2341148740576133,-0.19770820709131215,0.2578525292208229,-0.1759722909019843,0.6064444245793861,0.393555575420614,0.6065322361805539,0.39346776381944626,0.6065055240315543,0.3934944759684456,0.6063089192453516,0.3936910807546483,0.6067866293455203,0.3932133706544797
193,19,0.18397783397461975,-0.248412965718417,0.26735207143066925,-0.16540666388125172,0.1861424526094029,-0.24650435422266162,0.2341148740576133,-0.19770820709131215,0.2578525292208229,-0.1759722909019843,0.6064444245793861,0.393555575420614,0.6065322361805539,0.39346776381944626,0.6065055240315543,0.3934944759684456,0.6063089192453516,0.3936910807546483,0.6067866293455203,0.3932133706544797
194,19,0.18397783397461975,-0.248412965718417,0.26735207143066925,-0.16540666388125172,0.1861424526094029,-0.24650435422266162,0.2341148740576133,-0.19770820709131215,0.2578525292208229,-0.1759722909019843,0.6064444245793861,0.393555575420614,0.6065322361805539,0.39346776381944626,0.6065055240315543,0.3934944759684456,0.6063089192453516,0.3936910807546483,0.6067866293455203,0.3932133706544797
195,19,0.18397783397461975,-0.248412965718417,0.26735207143066925,-0.16540666388125172,0.1861424526094029,-0.24650435422266162,0.2341148740576133,-0.19770820709131215,0.2578525292208229,-0.1759722909019843,0.6064444245793861,0.393555575420614,0.6065322361805539,0.39346776381944626,0.6065055240315543,0.3934944759684456,0.6063089192453516,0.3936910807546483,0.6067866293455203,0.3932133706544797
196,19,0.18397783397461975,-0.248412965718417,0.26735207143066925,-0.16540666388125172,0.1861424526094029,-0.24650435422266162,0.2341148740576133,-0.19770820709131215,0.2578525292208229,-0.1759722909019843,0.6064444245793861,0.393555575420614,0.6065322361805539,0.39346776381944626,0.6065055240315543,0.3934944759684456,0.6063089192453516,0.3936910807546483,0.6067866293455203,0.3932133706544797
197,19,0.18397783397461975,-0.248412965718417,0.26735207143066925,-0.16540666388125172,0.1861424526094029,-0.24650435422266162,0.2341148740576133,-0.19770820709131215,0.2578525292208229,-0.1759722909019843,0.6064444245793861,0.393555575420614,0.6065322361805539,0.39346776381944626,0.6065055240315543,0.3934944759684456,0.6063089192453516,0.3936910807546483,0.6067866293455203,0.3932133706544797
198,19,0.18397783397461975,-0.248412965718417,0.26735207143066925,-0.16540666388125172,0.1861424526094029,-0.24650435422266162,0.2341148740576133,-0.19770820709131215,0.2578525292208229,-0.1759722909019843,0.6064444245793861,0.393555575420614,0.6065322361805539,0.39346776381944626,0.6065055240315543,0.3934944759684456,0.6063089192453516,0.3936910807546483,0.6067866293455203,0.3932133706544797
199,20,0.19390115428934984,-0.2583362860331471,0.2772957489246037,-0.17535034137518618,0.19607995784328996,-0.2564418594565486,0.24400632877752765,-0.20759966181122647,0.2678543942564527,-0.18597415593761407,0.611171073555096,0.38882892644490397,0.6112681811282921,0.3887318188717079,0.6112386510453249,0.38876134895467507,0.6110210046840258,0.38897899531597424,0.6115491195334333,0.38845088046656673
200,20,0.19390115428934984,-0.2583362860331471,0.2772957489246037,-0.17535034137518618,0.19607995784328996,-0.2564418594565486,0.24400632877752765,-0.20759966181122647,0.2678543942564527,-0.18597415593761407,0.611171073555096,0.38882892644490397,0.6112681811282921,0.3887318188717079,0.6112386510453249,0.38876134895467507,0.6110210046840258,0.38897899531597424,0.6115491195334333,0.38845088046656673
201,20,0.19390115428934984,-0.2583362860331471,0.2772957489246037,-0.17535034137518618,0.19607995784328996,-0.2564418594565486,0.24400632877752765,-0.20759966181122647,0.2678543942564527,-0.18597415593761407,0.611171073555096,0.38882892644490397,0.6112681811282921,0.3887318188717079,0.6112386510453249,0.38876134895467507,0.6110210046840258,0.38897899531597424,0.6115491195334333,0.38845088046656673
202,20,0.19390115428934984,-0.2583362860331471,0.2772957489246037,-0.17535034137518618,0.19607995784328996,-0.2564418594565486,0.24400632877752765,-0.20759966181122647,0.2678543942564527,-0.18597415593761407,0.611171073555096,0.38882892644490397,0.6112681811282921,0.3887318188717079,0.6112386510453249,0.38876134895467507,0.6110210046840258,0.38897899531597424,0.6115491195334333,0.38845088046656673
203,20,0.19390115428934984,-0.2583362860331471,0.2772957489246037,-0.17535034137518618,0.19607995784328996,-0.2564418594565486,0.24400632877752765,-0.20759966181122647,0.2678543942564527,-0.18597415593761407,0.611171073555096,0.38882892644490397,0.6112681811282921,0.3887318188717079,0.6112386510453249,0.38876134895467507,0.6110210046840258,0.38897899531597424,0.6115491195334333,0.38845088046656673
204,20,0.19390115428934984,-0.2583362860331471,0.2772957489246037,-0.17535034137518618,0.19607995784328996,-0.2564418594565486,0.24400632877752765,-0.20759966181122647,0.2678543942564527,-0.18597415593761407,0.611171073555096,0.38882892644490397,0.6112681811282921,0.3887318188717079,0.6112386510453249,0.38876134895467507,0.6110210046840258,0.38897899531597424,0.6115491195334333,0.38845088046656673
205,20,0.19390115428934984,-0.2583362860331471,0.2772957489246037,-0.17535034137518618,0.19607995784328996,-0.2564418594565486,0.24400632877752765,-0.20759966181122647,0.2678543942564527,-0.18597415593761407,0.611171073555096,0.38882892644490397,0.6112681811282921,0.3887318188717079,0.6112386510453249,0.38876134895467507,0.6110210046840258,0.38897899531597424,0.6115491195334333,0.38845088046656673
206,20,0.19390115428934984,-0.2583362860331471,0.2772957489246037,-0.17535034137518618,0.19607995784328996,-0.2564418594565486,0.24400632877752765,-0.20759966181122647,0.2678543942564527,-0.18597415593761407,0.611171073555096,0.38882892644490397,0.6112681811282921,0.3887318188717079,0.6112386510453249,0.38876134895467507,0.6110210046840258,0.38897899531597424,0.6115491195334333,0.38845088046656673
207,20,0.19390115428934984,-0.2583362860331471,0.2772957489246037,-0.17535034137518618,0.19607995784328996,-0.2564418594565486,0.24400632877752765,-0.20759966181122647,0.2678543942564527,-0.18597415593761407,0.611171073555096,0.38882892644490397,0.6112681811282921,0.3887318188717079,0.6112386510453249,0.38876134895467507,0.6110210046840258,0.38897899531597424,0.6115491195334333,0.38845088046656673
208,20,0.19390115428934984,-0.2583362860331471,0.2772957489246037,-0.17535034137518618,0.19607995784328996,-0.2564418594565486,0.24400632877752765,-0.20759966181122647,0.2678543942564527,-0.18597415593761407,0.611171073555096,0.38882892644490397,0.6112681811282921,0.3887318188717079,0.6112386510453249,0.38876134895467507,0.6110210046840258,0.38897899531597424,0.6115491195334333,0.38845088046656673
209,21,0.18636868367183926,-0.2508038154156365,0.26989851838615586,-0.16795311083673836,0.18864186057632307,-0.24900376218958173,0.2362602151051532,-0.199853548138852,0.26083391058383437,-0.17895367226499576,0.6075850880326786,0.39241491196732137,0.6077469981039667,0.39225300189603324,0.6076978870143706,0.39230211298562945,0.6073326297315277,0.3926673702684723,0.6082084148277244,0.39179158517227564
210,21,0.18636868367183926,-0.2508038154156365,0.26989851838615586,-0.16795311083673836,0.18864186057632307,-0.24900376218958173,0.2362602151051532,-0.199853548138852,0.26083391058383437,-0.17895367226499576,0.6075850880326786,0.39241491196732137,0.6077469981039667,0.39225300189603324,0.6076978870143706,0.39230211298562945,0.6073326297315277,0.3926673702684723,0.6082084148277244,0.39179158517227564
211,21,0.18636868367183926,-0.2508038154156365,0.26989851838615586,-0.16795311083673836,0.18864186057632307,-0.24900376218958173,0.2362602151051532,-0.199853548138852,0.26083391058383437,-0.17895367226499576,0.6075850880326786,0.39241491196732137,0.6077469981039667,0.39225300189603324,0.6076978870143706,0.39230211298562945,0.6073326297315277,0.3926673702684723,0.6082084148277244,0.39179158517227564
212,21,0.18636868367183926,-0.2508038154156365,0.26989851838615586,-0.16795311083673836,0.18864186057632307,-0.24900376218958173,0.2362602151051532,-0.199853548138852,0.26083391058383437,-0.17895367226499576,0.6075850880326786,0.39241491196732137,0.6077469981039667,0.39225300189603324,0.6076978870143706,0.39230211298562945,0.6073326297315277,0.3926673702684723,0.6082084148277244,0.39179158517227564
213,21,0.18636868367183926,-0.2508038154156365,0.26989851838615586,-0.16795311083673836,0.18864186057632307,-0.24900376218958173,0.2362602151051532,-0.199853548138852,0.26083391058383437,-0.17895367226499576,0.6075850880326786,0.39241491196732137,0.6077469981039667,0.39225300189603324,0.6076978870143706,0.39230211298562945,0.6073326297315277,0.3926673702684723,0.6082084148277244,0.39179158517227564
214,21,0.18636868367183926,-0.2508038154156365,0.26989851838615586,-0.16795311083673836,0.18864186057632307,-0.24900376218958173,0.2362602151051532,-0.199853548138852,0.26083391058383437,-0.17895367226499576,0.6075850880326786,0.39241491196732137,0.6077469981039667,0.39225300189603324,0.6076978870143706,0.39230211298562945,0.6073326297315277,0.3926673702684723,0.6082084148277244,0.39179158517227564
215,21,0.18636868367183926,-0.2508038154156365,0.26989851838615586,-0.16795311083673836,0.18864186057632307,-0.24900376218958173,0.2362602151051532,-0.199853548138852,0.26083391058383437,-0.17895367226499576,0.6075850880326786,0.39241491196732137,0.6077469981039667,0.39225300189603324,0.6076978870143706,0.39230211298562945,0.6073326297315277,0.3926673702684723,0.6082084148277244,0.39179158517227564
216,21,0.18636868367183926,-0.2508038154156365,0.26989851838615586,-0.16795311083673836,0.18864186057632307,-0.24900376218958173,0.2362602151051532,-0.199853548138852,0.26083391058383437,-0.17895367226499576,0.6075850880326786,0.39241491196732137,0.6077469981039667,0.39225300189603324,0.6076978870143706,0.39230211298562945,0.6073326297315277,0.3926673702684723,0.6082084148277244,0.39179158517227564
217,21,0.18636868367183926,-0.2508038154156365,0.26989851838615586,-0.16795311083673836,0.18864186057632307,-0.24900376218958173,0.2362602151051532,-0.199853548138852,0.26083391058383437,-0.17895367226499576,0.6075850880326786,0.39241491196732137,0.6077469981039667,0.39225300189603324,0.6076978870143706,0.39230211298562945,0.6073326297315277,0.3926673702684723,0.6082084148277244,0.39179158517227564
218,21,0.18636868367183926,-0.2508038154156365,0.26989851838615586,-0.16795311083673836,0.18864186057632307,-0.24900376218958173,0.2362602151051532,-0.199853548138852,0.26083391058383437,-0.17895367226499576,0.6075850880326786,0.39241491196732137,0.6077469981039667,0.39225300189603324,0.6076978870143706,0.39230211298562945,0.6073326297315277,0.3926673702684723,0.6082084148277244,0.39179158517227564
219,22,0.16594067792188633,-0.23037580966568358,0.24946228926705374,-0.14751688171763624,0.16820809103766776,-0.22856999265092642,0.2158456831262277,-0.17943901615992652,0.24037605690495256,-0.15849581858611395,0.5978023358437013,0.4021976641562986,0.5979616575977501,0.40203834240224995,0.5979133145530808,0.40208668544691906,0.5975542331154251,0.4024457668845749,0.5984165859261725,0.4015834140738274
220,22,0.16594067792188633,-0.23037580966568358,0.24946228926705374,-0.14751688171763624,0.16820809103766776,-0.22856999265092642,0.2158456831262277,-0.17943901615992652,0.24037605690495256,-0.15849581858611395,0.5978023358437013,0.4021976641562986,0.5979616575977501,0.40203834240224995,0.5979133145530808,0.40208668544691906,0.5975542331154251,0.4024457668845749,0.5984165859261725,0.4015834140738274
221,22,0.16594067792188633,-0.23037580966568358,0.24946228926705374,-0.14751688171763624,0.16820809103766776,-0.22856999265092642,0.2158456831262277,-0.17943901615992652,0.24037605690495256,-0.15849581858611395,0.5978023358437013,0.4021976641562986,0.5979616575977501,0.40203834240224995,0.5979133145530808,0.40208668544691906,0.5975542331154251,0.4024457668845749,0.5984165859261725,0.4015834140738274
222,22,0.16594067792188633,-0.23037580966568358,0.24946228926705374,-0.14751688171763624,0.16820809103766776,-0.22856999265092642,0.2158456831262277,-0.17943901615992652,0.24037605690495256,-0.15849581858611395,0.5978023358437013,0.4021976641562986,0.5979616575977501,0.40203834240224995,0.5979133145530808,0.40208668544691906,0.5975542331154251,0.4024457668845749,0.5984165859261725,0.4015834140738274
223,22,0.16594067792188633,-0.23037580966568358,0.24946228926705374,-0.14751688171763624,0.16820809103766776,-0.22856999265092642,0.2158456831262277,-0.17943901615992652,0.24037605690495256,-0.15849581858611395,0.5978023358437013,0.4021976641562986,0.5979616575977501,0.40203834240224995,0.5979133145530808,0.40208668544691906,0.5975542331154251,0.4024457668845749,0.5984165859261725,0.4015834140738274
224,22,0.16594067792188633,-0.23037580966568358,0.24946228926705374,-0.14751688171763624,0.16820809103766776,-0.22856999265092642,0.2158456831262277,-0.17943901615992652,0.24037605690495256,-0.15849581858611395,0.5978023358437013,0.4021976641562986,0.5979616575977501,0.40203834240224995,0.5979133145530808,0.40208668544691906,0.5975542331154251,0.4024457668845749,0.5984165859261725,0.4015834140738274
225,22,0.16594067792188633,-0.23037580966568358,0.24946228926705374,-0.14751688171763624,0.16820809103766776,-0.22856999265092642,0.2158456831262277,-0.17943901615992652,0.24037605690495256,-0.15849581858611395,0.5978023358437013,0.4021976641562986,0.5979616575977501,0.40203834240224995,0.5979133145530808,0.40208668544691906,0.5975542331154251,0.4024457668845749,0.5984165859261725,0.4015834140738274
226,22,0.16594067792188633,-0.23037580966568358,0.24946228926705374,-0.14751688171763624,0.16820809103766776,-0.22856999265092642,0.2158456831262277,-0.17943901615992652,0.24037605690495256,-0.15849581858611395,0.5978023358437013,0.4021976641562986,0.5979616575977501,0.40203834240224995,0.5979133145530808,0.40208668544691906,0.5975542331154251,0.4024457668845749,0.5984165859261725,0.4015834140738274
227,22,0.16594067792188633,-0.23037580966568358,0.24946228926705374,-0.14751688171763624,0.16820809103766776,-0.22856999265092642,0.2158456831262277,-0.17943901615992652,0.24037605690495256,-0.15849581858611395,0.5978023358437013,0.4021976641562986,0.5979616575977501,0.40203834240224995,0.5979133145530808,0.40208668544691906,0.5975542331154251,0.4024457668845749,0.5984165859261725,0.4015834140738274
228,22,0.16594067792188633,-0.23037580966568358,0.24946228926705374,-0.14751688171763624,0.16820809103766776,-0.22856999265092642,0.2158456831262277,-0.17943901615992652,0.24037605690495256,-0.15849581858611395,0.5978023358437013,0.4021976641562986,0.5979616575977501,0.40203834240224995,0.5979133145530808,0.40208668544691906,0.5975542331154251,0.4024457668845749,0.5984165859261725,0.4015834140738274
229,23,0.17014418599993708,-0.2345793177437343,0.2536218962912295,-0.15167648874181203,0.17238089079182237,-0.23274279240508097,0.22011996255693786,-0.18371329559063668,0.24441699373539102,-0.1625367554165524,0.5998220017602524,0.40017799823974753,0.599959985794934,0.4000400142050659,0.5999180552242945,0.40008194477570536,0.599608292175543,0.400391707824457,0.600357220607213,0.3996427793927871
230,23,0.17014418599993708,-0.2345793177437343,0.2536218962912295,-0.15167648874181203,0.17238089079182237,-0.23274279240508097,0.22011996255693786,-0.18371329559063668,0.24441699373539102,-0.1625367554165524,0.5998220017602524,0.40017799823974753,0.599959985794934,0.4000400142050659,0.5999180552242945,0.40008194477570536,0.599608292175543,0.400391707824457,0.600357220607213,0.3996427793927871
231,23,0.17014418599993708,-0.2345793177437343,0.2536218962912295,-0.15167648874181203,0.17238089079182237,-0.23274279240508097,0.22011996255693786,-0.18371329559063668,0.24441699373539102,-0.1625367554165524,0.5998220017602524,0.40017799823974753,0.599959985794934,0.4000400142050659,0.5999180552242945,0.40008194477570536,0.599608292175543,0.400391707824457,0.600357220607213,0.3996427793927871
232,23,0.17014418599993708,-0.2345793177437343,0.2536218962912295,-0.15167648874181203,0.17238089079182237,-0.23274279240508097,0.22011996255693786,-0.18371329559063668,0.24441699373539102,-0.1625367554165524,0.5998220017602524,0.40017799823974753,0.599959985794934,0.4000400142050659,0.5999180552242945,0.40008194477570536,0.599608292175543,0.400391707824457,0.600357220607213,0.3996427793927871
233,23,0.17014418599993708,-0.2345793177437343,0.2536218962912295,-0.15167648874181203,0.17238089079182237,-0.23274279240508097,0.22011996255693786,-0.18371329559063668,0.24441699373539102,-0.1625367554165524,0.5998220017602524,0.40017799823974753,0.599959985794934,0.4000400142050659,0.5999180552242945,0.40008194477570536,0.599608292175543,0.400391707824457,0.600357220607213,0.3996427793927871
234,23,0.17014418599993708,-0.2345793177437343,0.2536218962912295,-0.15167648874181203,0.17238089079182237,-0.23274279240508097,0.22011996255693786,-0.18371329559063668,0.24441699373539102,-0.1625367554165524,0.5998220017602524,0.40017799823974753,0.599959985794934,0.4000400142050659,0.5999180552242945,0.40008194477570536,0.599608292175543,0.400391707824457,0.600357220607213,0.3996427793927871
235,23,0.17014418599993708,-0.2345793177437343,0.2536218962912295,-0.15167648874181203,0.17238089079182237,-0.23274279240508097,0.22011996255693786,-0.18371329559063668,0.24441699373539102,-0.1625367554165524,0.5998220017602524,0.40017799823974753,0.599959985794934,0.4000400142050659,0.5999180552242945,0.40008194477570536,0.599608292175543,0.400391707824457,0.600357220607213,0.3996427793927871
236,23,0.17014418599993708,-0.2345793177437343,0.2536218962912295,-0.15167648874181203,0.17238089079182237,-0.23274279240508097,0.22011996255693786,-0.18371329559063668,0.24441699373539102,-0.1625367554165524,0.5998220017602524,0.40017799823974753,0.599959985794934,0.4000400142050659,0.5999180552242945,0.40008194477570536,0.599608292175543,0.400391707824457,0.600357220607213,0.3996427793927871
237,23,0.17014418599993708,-0.2345793177437343,0.2536218962912295,-0.15167648874181203,0.17238089079182237,-0.23274279240508097,0.22011996255693786,-0.18371329559063668,0.24441699373539102,-0.1625367554165524,0.5998220017602524,0.40017799823974753,0.599959985794934,0.4000400142050659,0.5999180552242945,0.40008194477570536,0.599608292175543,0.400391707824457,0.600357220607213,0.3996427793927871
238,23,0.17014418599993708,-0.2345793177437343,0.2536218962912295,-0.15167648874181203,0.17238089079182237,-0.23274279240508097,0.22011996255693786,-0.18371329559063668,0.24441699373539102,-0.1625367554165524,0.5998220017602524,0.40017799823974753,0.599959985794934,0.4000400142050659,0.5999180552242945,0.40008194477570536,0.599608292175543,0.400391707824457,0.600357220607213,0.3996427793927871
239,24,0.17244661135682918,-0.23688174310062637,0.2559586006366398,-0.15401319308722228,0.17470693633664147,-0.23506883794990005,0.22237377399111868,-0.1859671070248175,0.24686526888085017,-0.16498503056201155,0.6009268199177568,0.39907318008224313,0.6010811154931965,0.3989188845068035,0.6010341125101192,0.3989658874898809,0.600689986597869,0.39931001340213096,0.6015314628487693,0.39846853715123054
240,24,0.17244661135682918,-0.23688174310062637,0.2559586006366398,-0.15401319308722228,0.17470693633664147,-0.23506883794990005,0.22237377399111868,-0.1859671070248175,0.24686526888085017,-0.16498503056201155,0.6009268199177568,0.39907318008224313,0.6010811154931965,0.3989188845068035,0.6010341125101192,0.3989658874898809,0.600689986597869,0.39931001340213096,0.6015314628487693,0.39846853715123054
241,24,0.17244661135682918,-0.23688174310062637,0.2559586006366398,-0.15401319308722228,0.17470693633664147,-0.23506883794990005,0.22237377399111868,-0.1859671070248175,0.24686526888085017,-0.16498503056201155,0.6009268199177568,0.39907318008224313,0.6010811154931965,0.3989188845068035,0.6010341125101192,0.3989658874898809,0.600689986597869,0.39931001340213096,0.6015314628487693,0.39846853715123054
242,24,0.17244661135682918,-0.23688174310062637,0.2559586006366398,-0.15401319308722228,0.17470693633664147,-0.23506883794990005,0.22237377399111868,-0.1859671070248175,0.24686526888085017,-0.16498503056201155,0.6009268199177568,0.39907318008224313,0.6010811154931965,0.3989188845068035,0.6010341125101192,0.3989658874898809,0.600689986597869,0.39931001340213096,0.6015314628487693,0.39846853715123054
243,24,0.17244661135682918,-0.23688174310062637,0.2559586006366398,-0.15401319308722228,0.17470693633664147,-0.23506883794990005,0.22237377399111868,-0.1859671070248175,0.24686526888085017,-0.16498503056201155,0.6009268199177568,0.39907318008224313,0.6010811154931965,0.3989188845068035,0.6010341125101192,0.3989658874898809,0.600689986597869,0.39931001340213096,0.6015314628487693,0.39846853715123054
244,24,0.17244661135682918,-0.23688174310062637,0.2559586006366398,-0.15401319308722228,0.17470693633664147,-0.23506883794990005,0.22237377399111868,-0.1859671070248175,0.24686526888085017,-0.16498503056201155,0.6009268199177568,0.39907318008224313,0.6010811154931965,0.3989188845068035,0.6010341125101192,0.3989658874898809,0.600689986597869,0.39931001340213096,0.6015314628487693,0.39846853715123054
245,24,0.17244661135682918,-0.23688174310062637,0.2559586006366398,-0.15401319308722228,0.17470693633664147,-0.23506883794990005,0.22237377399111868,-0.1859671070248175,0.24686526888085017,-0.16498503056201155,0.6009268199177568,0.39907318008224313,0.6010811154931965,0.3989188845068035,0.6010341125101192,0.3989658874898809,0.600689986597869,0.39931001340213096,0.6015314628487693,0.39846853715123054
246,24,0.17244661135682918,-0.23688174310062637,0.2559586006366398,-0.15401319308722228,0.17470693633664147,-0.23506883794990005,0.22237377399111868,-0.1859671070248175,0.24686526888085017,-0.16498503056201155,0.6009268199177568,0.39907318008224313,0.6010811154931965,0.3989188845068035,0.6010341125101192,0.3989658874898809,0.600689986597869,0.39931001340213096,0.6015314628487693,0.39846853715123054
247,24,0.17244661135682918,-0.23688174310062637,0.2559586006366398,-0.15401319308722228,0.17470693633664147,-0.23506883794990005,0.22237377399111868,-0.1859671070248175,0.24686526888085017,-0.16498503056201155,0.6009268199177568,0.39907318008224313,0.6010811154931965,0.3989188845068035,0.6010341125101192,0.3989658874898809,0.600689986597869,0.39931001340213096,0.6015314628487693,0.39846853715123054
248,24,0.17244661135682918,-0.23688174310062637,0.2559586006366398,-0.15401319308722228,0.17470693633664147,-0.23506883794990005,0.22237377399111868,-0.1859671070248175,0.24686526888085017,-0.16498503056201155,0.6009268199177568,0.39907318008224313,0.6010811154931965,0.3989188845068035,0.6010341125101192,0.3989658874898809,0.600689986597869,0.39931001340213096,0.6015314628487693,0.39846853715123054
249,25,0.19643835393848305,-0.26087348568228025,0.27999058683890743,-0.17804517928948996,0.19872644220291324,-0.25908834381617185,0.24630784735899514,-0.20990118039269393,0.2710264191687644,-0.18914618084992577,0.6123762763673324,0.38762372363266756,0.6125481019549435,0.38745189804505664,0.6124956547950953,0.3875043452049046,0.6121144677604098,0.3878855322395903,0.6130551208625779,0.38694487913742215