prototype_update_index_m,env_round_ended,final_flush,prototype_update_norm,batch_size,batch_unique_ordered_pairs,batch_mean_b_snap_k0,batch_mean_b_snap_k1,batch_delta_resp,batch_mean_b_snap_entropy,batch_frac_argmax_k0,batch_frac_argmax_k1,softmax_k0_a0,softmax_k0_a1,softmax_k1_a0,softmax_k1_a1
0,6,False,1.4135430040288453,80,72,0.49972819791845097,0.500271802081549,0.0005436041630980104,0.6931304133466218,0.9375,0.0625,0.22758007728643245,0.7724199227135675,0.18597490035413852,0.8140250996458614
1,13,False,3.2610432068567015,58,53,0.5012493862846878,0.49875061371531215,0.0024987725693756957,0.6929246060151605,0.8620689655172413,0.13793103448275862,0.8585292741476327,0.14147072585236736,0.8812796515623521,0.11872034843764792
2,20,False,3.469354638399025,65,62,0.5006189173582948,0.49938108264170533,0.0012378347165894477,0.6928006871176248,0.7692307692307693,0.23076923076923078,0.17118122149619833,0.8288187785038016,0.17487346247896376,0.8251265375210363
3,27,False,2.3167105202671774,63,59,0.5076703762620611,0.4923296237379388,0.015340752524122314,0.6920604827532304,0.7936507936507936,0.20634920634920634,0.6805648604250426,0.3194351395749575,0.678780811882483,0.32121918811751693
4,34,False,1.2985045193430118,63,56,0.5035263076041788,0.49647369239582106,0.00705261520835776,0.6926905777590757,0.8095238095238095,0.19047619047619047,0.35800591131086884,0.6419940886891312,0.3758880176130278,0.6241119823869723
5,41,False,0.8036898414741794,80,75,0.5039897514089481,0.4960102485910519,0.007979502817896167,0.692250394282744,0.625,0.375,0.5613790624457503,0.4386209375542497,0.5667502674729348,0.4332497325270652
6,48,False,0.2949247444445022,76,72,0.5070485393186897,0.49295146068131024,0.014097078637379412,0.6923562636562206,0.7763157894736842,0.2236842105263158,0.49095867463430704,0.5090413253656929,0.4905396601889013,0.5094603398110986
7,55,False,0.018036044128774575,75,70,0.5051663419030431,0.4948336580969568,0.010332683806086318,0.6923763521624401,0.6666666666666666,0.3333333333333333,0.4892008159116424,0.5107991840883576,0.4966680055456467,0.5033319944543533
8,62,False,0.11680028346489808,66,56,0.5046091793790888,0.4953908206209112,0.009218358758177558,0.6924433724026838,0.6060606060606061,0.3939393939393939,0.4603824394458755,0.5396175605541246,0.467217882759365,0.5327821172406351
9,69,False,0.03932344743040501,67,60,0.5069326279684057,0.49306737203159423,0.013865255936811427,0.6921633769242069,0.6417910447761194,0.3582089552238806,0.47205964624606017,0.5279403537539398,0.4746536635357696,0.5253463364642303
10,76,False,0.06608565409832899,67,61,0.5058292637422143,0.49417073625778585,0.011658527484428416,0.6923349499263727,0.6119402985074627,0.3880597014925373,0.4529648080005966,0.5470351919994035,0.46140190873799775,0.5385980912620023
11,83,False,0.39217487839173887,62,57,0.5020278227621938,0.49797217723780607,0.004055645524387752,0.692501821900548,0.5483870967741935,0.45161290322580644,0.3581072830521511,0.6418927169478489,0.36722477981031293,0.632775220189687
12,90,False,0.2458439926016829,80,72,0.5061073912981152,0.49389260870188467,0.012214782596230545,0.6921971500390163,0.5875,0.4125,0.4173393114629999,0.5826606885370001,0.42496996964289885,0.5750300303571011
13,97,False,0.21936769390172842,53,48,0.5049229287790433,0.4950770712209567,0.009845857558086646,0.692189863527061,0.5471698113207547,0.4528301886792453,0.47008288701851797,0.529917112981482,0.4805858841525194,0.5194141158474807
14,104,False,0.25383409228930476,67,62,0.505118401733948,0.49488159826605205,0.010236803467895905,0.6923424665878208,0.5522388059701493,0.44776119402985076,0.40855130726962435,0.5914486927303757,0.41698442821656106,0.583015571783439
15,111,False,0.2515383895648299,78,74,0.5079504272918782,0.4920495727081217,0.015900854583756507,0.6919038507229321,0.5897435897435898,0.41025641025641024,0.4722329598269248,0.5277670401730753,0.47724633496900587,0.5227536650309941
16,118,False,0.10972261711939299,65,63,0.5079784186840085,0.4920215813159914,0.01595683736801712,0.6919874129466574,0.5846153846153846,0.4153846153846154,0.49801563355427636,0.5019843664457236,0.5061899259884388,0.49381007401156113
17,125,False,0.23078456726932442,61,58,0.5060720667475959,0.49392793325240425,0.012144133495191611,0.6922318751531168,0.639344262295082,0.36065573770491804,0.43946885540929376,0.5605311445907062,0.4498357595657068,0.5501642404342931
18,132,False,0.0860905467322053,58,55,0.5038026004916357,0.4961973995083643,0.007605200983271443,0.6923281625638693,0.5517241379310345,0.4482758620689655,0.46084330018696235,0.5391566998130376,0.4711511004406022,0.5288488995593977
19,139,False,0.07505754103876315,65,62,0.5041505937968632,0.4958494062031367,0.0083011875937265,0.6919331046137226,0.47692307692307695,0.5230769230769231,0.4423657368004655,0.5576342631995346,0.45239010178656186,0.5476098982134381
20,146,False,0.1424782078430924,84,77,0.503706116559127,0.49629388344087294,0.0074122331182540635,0.691853428904872,0.47619047619047616,0.5238095238095238,0.4769108223146696,0.5230891776853304,0.4886814291487027,0.5113185708512973
21,153,False,0.08401251768290714,76,73,0.5060836451083183,0.4939163548916816,0.01216729021663665,0.6921998728614114,0.631578947368421,0.3684210526315789,0.4561763387378276,0.5438236612621724,0.46755109887327406,0.5324489011267259
22,160,False,0.12266347124674253,81,75,0.498615365413317,0.5013846345866829,0.002769269173365896,0.6924933892150468,0.48148148148148145,0.5185185185185185,0.4857445214469218,0.5142554785530783,0.49912920478076567,0.5008707952192344
23,167,False,0.04765365137439256,77,70,0.5046432651373515,0.49535673486264864,0.009286530274702831,0.6919056824821378,0.5454545454545454,0.45454545454545453,0.4736996141340546,0.5263003858659454,0.48737236610822654,0.5126276338917735
24,174,False,0.026172261254322492,61,56,0.5052936160851219,0.4947063839148781,0.010587232170243821,0.6921698289999568,0.6065573770491803,0.39344262295081966,0.466559239017466,0.533440760982534,0.481523971142095,0.518476028857905
25,181,False,0.0025232557753665135,80,67,0.5103529999963422,0.4896470000036577,0.02070599999268452,0.6914533309425333,0.6375,0.3625,0.46742159677386663,0.5325784032261334,0.4813105702308998,0.5186894297691003
26,188,False,0.01750369406078531,86,79,0.5046650297113916,0.4953349702886084,0.009330059422783199,0.6915500237149478,0.5465116279069767,0.45348837209302323,0.4695908179961048,0.5304091820038952,0.48709733269911737,0.5129026673008826
27,195,False,0.031537688134087534,73,69,0.5011907577027854,0.49880924229721446,0.0023815154055709664,0.6919319484707268,0.5205479452054794,0.4794520547945205,0.4763780516164211,0.5236219483835789,0.4959257572293925,0.5040742427706075
28,202,False,0.026012473971841154,78,73,0.5083748403790715,0.49162515962092856,0.016749680758142982,0.691512427010425,0.6153846153846154,0.38461538461538464,0.47025574218025384,0.5297442578197462,0.48908028317349006,0.5109197168265099
29,209,False,0.08511094436506071,73,66,0.5076367127303734,0.49236328726962675,0.015273425460746615,0.6911886818542973,0.5342465753424658,0.4657534246575342,0.44731244696603073,0.5526875530339693,0.46983651945770544,0.5301634805422945
30,216,False,0.025277667291500175,60,55,0.5044725895669163,0.4955274104330836,0.008945179133832692,0.6907952949202987,0.5,0.5,0.4523497374740495,0.5476502625259505,0.47716262271821486,0.5228373772817851
31,223,False,0.034862523106666495,56,51,0.5023885106465887,0.4976114893534112,0.00477702129317753,0.6914026360052132,0.5178571428571429,0.48214285714285715,0.4623826748381542,0.5376173251618458,0.48420730624443753,0.5157926937555625
32,230,False,0.015408706032797944,81,74,0.5103401175429115,0.48965988245708836,0.020680235085823173,0.6912568795540782,0.6296296296296297,0.37037037037037035,0.45871638376582374,0.5412836162341762,0.4802039415385021,0.5197960584614979
33,237,False,0.0024164627021558078,87,82,0.5069049857790968,0.49309501422090307,0.013809971558193745,0.6910718419825432,0.6436781609195402,0.3563218390804598,0.45876176028824994,0.54123823971175,0.4810557870490326,0.5189442129509674
34,244,False,0.06804808198382498,71,63,0.5079046047676565,0.4920953952323434,0.015809209535313118,0.6910710070331643,0.647887323943662,0.352112676056338,0.44010546877018814,0.5598945312298119,0.466150551688749,0.5338494483112509
35,251,False,0.015843198189356575,64,59,0.5057760664619428,0.4942239335380572,0.011552132923885627,0.6905144234662355,0.546875,0.453125,0.44158379772392553,0.5584162022760746,0.47152656446191804,0.5284734355380819
36,258,False,0.017499484086221467,65,60,0.49999711554799087,0.5000028844520091,5.768904018266241e-06,0.6899382613064826,0.5692307692307692,0.4307692307692308,0.4453633901247608,0.5546366098752392,0.47637350266867606,0.5236264973313239
37,265,False,0.06868473622354891,70,66,0.5000013569059476,0.4999986430940524,2.7138118952052537e-06,0.6894160765204903,0.5285714285714286,0.4714285714285714,0.460467139475688,0.539532860524312,0.49526208167845137,0.5047379183215487
38,272,False,0.08797559610484082,70,64,0.4960404729716152,0.5039595270283848,0.00791905405676957,0.6886606285853765,0.44285714285714284,0.5571428571428572,0.4804015155984832,0.5195984844015169,0.5190682789400728,0.4809317210599271
39,279,False,0.024440778033247304,81,72,0.5042022317853493,0.4957977682146506,0.008404463570698684,0.6893893258122977,0.5185185185185185,0.48148148148148145,0.47352348620900225,0.5264765137909978,0.5138625813172116,0.4861374186827884
40,286,False,0.0381010362912687,83,80,0.5064421924224755,0.49355780757752465,0.012884384844950802,0.6891255764227012,0.6024096385542169,0.39759036144578314,0.48203342482607137,0.5179665751739285,0.5242754369466548,0.47572456305334526
41,293,False,0.03585476046840194,64,59,0.4993999215230542,0.5006000784769458,0.0012001569538915846,0.6866300485913139,0.46875,0.53125,0.4869963746724249,0.5130036253275752,0.5358953073441071,0.4641046926558929
42,300,False,0.024528329584484504,69,66,0.5055631382406943,0.4944368617593057,0.011126276481388642,0.6870290000427176,0.5362318840579711,0.463768115942029,0.48086446702637614,0.5191355329736239,0.529795986617734,0.47020401338226603
43,307,False,0.0212672858585515,73,66,0.49468051373583377,0.5053194862641662,0.010638972528332458,0.6857823206632787,0.5068493150684932,0.4931506849315068,0.4851302546903888,0.5148697453096113,0.5359576767703987,0.4640423232296012
44,314,False,0.013973470590130295,53,51,0.5229858190298795,0.4770141809701204,0.04597163805975912,0.6862486007896762,0.6226415094339622,0.37735849056603776,0.4893763546266925,0.5106236453733075,0.5384644626118843,0.4615355373881157
45,321,False,0.024134643251219712,62,55,0.49494874452541343,0.5050512554745866,0.010102510949173193,0.6861650361242669,0.46774193548387094,0.532258064516129,0.4947375394847707,0.5052624605152293,0.545055290688205,0.4549447093117949
46,328,False,0.038988215027620246,69,62,0.5118999885658632,0.48810001143413656,0.023799977131726602,0.6832104680327309,0.6086956521739131,0.391304347826087,0.4832431930276711,0.5167568069723288,0.5375078843674831,0.46249211563251696
47,335,False,0.03185122159918183,80,76,0.5137827015342746,0.48621729846572537,0.027565403068549266,0.6832437619669057,0.55,0.45,0.4757019124390576,0.5242980875609424,0.5291937551829095,0.4708062448170906
48,342,False,0.04643900387232053,77,74,0.49779894430057126,0.5022010556994289,0.0044021113988576,0.684309953650078,0.4935064935064935,0.5064935064935064,0.48493418951684875,0.5150658104831513,0.5426899766795891,0.45731002332041093
49,349,False,0.013392866609899485,80,73,0.5001154837958279,0.49988451620417207,0.00023096759165586178,0.6820380982261669,0.475,0.525,0.4802108540794497,0.5197891459205503,0.5429260800048927,0.4570739199951074
50,356,False,0.028907387629859473,66,63,0.4964870183213175,0.5035129816786825,0.00702596335736505,0.6767824880314925,0.4696969696969697,0.5303030303030303,0.4807636126937628,0.5192363873062372,0.5530370399578399,0.4469629600421601
51,363,False,0.06337246145853517,70,68,0.5238220170527578,0.4761779829472423,0.04764403410551549,0.6802182274133634,0.6428571428571429,0.35714285714285715,0.4648170160357971,0.5351829839642029,0.5374774739752736,0.4625225260247264
52,370,False,0.032988350672066194,62,54,0.5148071329139797,0.4851928670860203,0.02961426582795945,0.6756413988119183,0.5161290322580645,0.4838709677419355,0.4539360796473317,0.5460639203526683,0.5334919662440833,0.4665080337559167
53,377,False,0.046026512361393566,58,56,0.5017499306109584,0.49825006938904154,0.0034998612219168668,0.6803569987683189,0.4482758620689655,0.5517241379310345,0.46409779049927063,0.5359022095007293,0.5460656547284282,0.45393434527157184
54,384,False,0.0184078632462752,73,69,0.5141186373855943,0.4858813626144058,0.02823727477118848,0.6770563070136949,0.5205479452054794,0.4794520547945205,0.4677793660372924,0.5322206339627076,0.5513697036912153,0.44863029630878476
55,391,False,0.02135818462645513,68,62,0.4978879536180058,0.5021120463819942,0.004224092763988441,0.6729162148135099,0.4264705882352941,0.5735294117647058,0.47107520607192493,0.528924793928075,0.5580763046666429,0.44192369533335707
56,398,False,0.03260909717410897,74,68,0.5252894073149266,0.47471059268507354,0.05057881462985303,0.6696308895104168,0.6351351351351351,0.36486486486486486,0.4606571416154637,0.5393428583845362,0.5533034717381657,0.4466965282618343
57,405,False,0.0325178635923991,73,68,0.48038394873541107,0.519616051264589,0.039232102529177915,0.6688955197244446,0.4246575342465753,0.5753424657534246,0.46506866091182625,0.5349313390881738,0.5637642173067798,0.43623578269322016
58,412,False,0.02878555851573752,78,70,0.4954303462915465,0.5045696537084536,0.00913930741690716,0.6622795694786796,0.47435897435897434,0.5256410256410257,0.45503393033407824,0.5449660696659218,0.5625291892144375,0.43747081078556244
59,419,False,0.0271056304543033,76,64,0.49858623815338793,0.5014137618466122,0.0028275236932243097,0.6558279126712869,0.4605263157894737,0.5394736842105263,0.45113085700128636,0.5488691429987137,0.5711098221515399,0.42889017784846006
60,426,False,0.0312779393895757,57,53,0.4885940028971826,0.5114059971028175,0.022811994205634956,0.656988424801978,0.45614035087719296,0.543859649122807,0.453651528857337,0.546348471142663,0.5816202318851986,0.41837976811480143
61,433,False,0.01419001624661209,75,67,0.48448226595099175,0.5155177340490082,0.031035468098016494,0.653637903381,0.4666666666666667,0.5333333333333333,0.44975271814818635,0.5502472818518136,0.5785886738049627,0.42141132619503735
62,440,False,0.02001443267502105,69,68,0.5277302318980996,0.4722697681019004,0.05546046379619923,0.645973910310504,0.5652173913043478,0.43478260869565216,0.44295514629805793,0.557044853701942,0.576961340775454,0.423038659224546
63,447,False,0.05294713343924322,79,68,0.5244615934948994,0.4755384065051005,0.04892318698979892,0.642855842690153,0.5569620253164557,0.4430379746835443,0.4300435043666866,0.5699564956333135,0.5638784297397339,0.4361215702602661
64,454,False,0.020318083767909816,67,64,0.5177643490317743,0.48223565096822574,0.035528698063548525,0.6396083780448535,0.5373134328358209,0.4626865671641791,0.4230971446193351,0.5769028553806649,0.562801165896697,0.437198834103303
65,461,False,0.04025471056571584,62,62,0.5259302694276214,0.47406973057237856,0.05186053885524289,0.6297272920154718,0.5967741935483871,0.4032258064516129,0.4092772330712353,0.5907227669287647,0.5633688402915902,0.4366311597084098
66,468,False,0.08203309390784885,77,72,0.5020383914317694,0.4979616085682304,0.004076782863539019,0.6306840342468413,0.5064935064935064,0.4935064935064935,0.42726572303955995,0.57273427696044,0.5852209815453383,0.4147790184546617
67,475,False,0.018340635381014977,73,68,0.47549949960974597,0.5245005003902542,0.04900100078050823,0.6234449753045486,0.410958904109589,0.589041095890411,0.42676558342405396,0.573234416575946,0.5914832703042874,0.40851672969571257
68,482,False,0.036635146243024656,74,71,0.49079549118648663,0.5092045088135133,0.01840901762702668,0.6022728339670043,0.5,0.5,0.42210966619056717,0.5778903338094328,0.6030709928343603,0.3969290071656397
69,489,False,0.03492068007594163,81,74,0.5368586353186743,0.46314136468132566,0.07371727063734862,0.5953472291485931,0.5555555555555556,0.4444444444444444,0.41012246488003357,0.5898775351199664,0.6035761337029913,0.3964238662970087
70,496,False,0.03224495990382684,66,61,0.5130267215911191,0.4869732784088812,0.026053443182237845,0.5936502777202137,0.5454545454545454,0.45454545454545453,0.399479019545949,0.600520980454051,0.6062784110179253,0.39372158898207466
71,503,False,0.018439326860782215,74,68,0.5221439975479928,0.477856002452007,0.0442879950959858,0.577320967624909,0.5675675675675675,0.43243243243243246,0.39525841583002796,0.604741584169972,0.6108566024707035,0.38914339752929644
72,510,False,0.013687501501787396,79,74,0.4959059848327549,0.5040940151672451,0.00818803033449017,0.5884111445738632,0.5063291139240507,0.4936708860759494,0.3971809657017464,0.6028190342982537,0.6150344197011874,0.3849655802988126
73,517,False,0.041242389875502446,63,61,0.4657843265059859,0.5342156734940139,0.068431346988028,0.558616281128485,0.4603174603174603,0.5396825396825397,0.3846393210144267,0.6153606789855733,0.6090891832634336,0.39091081673656636
74,524,False,0.026191586671167933,66,62,0.5257568075902238,0.47424319240977614,0.05151361518044767,0.5398714835102991,0.5454545454545454,0.45454545454545453,0.37595706625126885,0.6240429337487312,0.6100012573245723,0.38999874267542756
75,531,False,0.02251855979661392,64,63,0.48266152794891976,0.5173384720510802,0.034676944102160434,0.5780429887516847,0.453125,0.546875,0.380366720891068,0.619633279108932,0.6161070642052056,0.3838929357947944
76,538,False,0.04114135031112644,57,53,0.4616888909743718,0.5383111090256281,0.07662221805125624,0.5296508977909347,0.45614035087719296,0.543859649122807,0.3816168797107902,0.6183831202892098,0.6297157852713267,0.37028421472867334
77,545,False,0.0528349560375593,63,59,0.540828954514171,0.45917104548582877,0.08165790902834225,0.5238464443157196,0.5714285714285714,0.42857142857142855,0.3643867846537664,0.6356132153462335,0.626819086765286,0.37318091323471403
78,552,False,0.04703507875195015,69,67,0.4857961609770146,0.5142038390229855,0.028407678045970886,0.4918482795774555,0.4492753623188406,0.5507246376811594,0.36228436806576747,0.6377156319342325,0.6420995406296748,0.35790045937032516
79,559,False,0.04357152585889014,65,64,0.4820858736381853,0.5179141263618148,0.035828252723629495,0.49663393720101257,0.4461538461538462,0.5538461538461539,0.34978467119902146,0.6502153288009784,0.6486698763907728,0.35133012360922716
80,566,False,0.0444165040931797,66,64,0.5091905940981499,0.49080940590185007,0.018381188196299858,0.4393890118801311,0.5151515151515151,0.48484848484848486,0.3543662366808234,0.6456337633191765,0.6621107337366888,0.33788926626331117
81,573,False,0.02399337066098691,74,66,0.49280341350355816,0.5071965864964417,0.014393172992883563,0.4710131132518882,0.4864864864864865,0.5135135135135135,0.34919372224371964,0.6508062777562804,0.6677330469706624,0.3322669530293375
82,580,False,0.04060939641384909,66,61,0.5233879942393224,0.4766120057606776,0.04677598847864478,0.4551172278849236,0.5757575757575758,0.42424242424242425,0.3363331966591003,0.6636668033408998,0.6663519815286111,0.3336480184713889
83,587,False,0.019373352704588592,62,55,0.49688215976240657,0.5031178402375934,0.0062356804751868555,0.43528408426952553,0.45161290322580644,0.5483870967741935,0.3318134540778388,0.6681865459221613,0.6704261785429174,0.3295738214570827
84,594,False,0.050090300636937105,75,66,0.4558448377685052,0.5441551622314947,0.08831032446298953,0.37441873591291824,0.4533333333333333,0.5466666666666666,0.323837677263738,0.6761623227362621,0.6837384256535183,0.3162615743464817
85,601,False,0.014622639278652382,76,69,0.5239159415070462,0.4760840584929537,0.047831883014092524,0.4245927073041644,0.5526315789473685,0.4473684210526316,0.3248763884627782,0.6751236115372218,0.688074946941474,0.3119250530585261
86,608,False,0.03595040753953249,68,63,0.4789017425030759,0.5210982574969243,0.04219651499384841,0.4196322311620683,0.5,0.5,0.3142712643915688,0.6857287356084313,0.6911463810186996,0.30885361898130037
87,615,False,0.02099357992617059,69,60,0.4663154196737037,0.5336845803262961,0.06736916065259235,0.38919972235764855,0.43478260869565216,0.5652173913043478,0.30913500993052956,0.6908649900694706,0.6948818539026038,0.3051181460973961
88,622,False,0.01957326629040125,74,71,0.5171868035755707,0.4828131964244292,0.03437360715114146,0.32380148657823593,0.527027027027027,0.47297297297297297,0.3053672628430707,0.6946327371569293,0.6993750310766216,0.3006249689233784
89,629,False,0.019090221753206228,82,76,0.46282710360036566,0.5371728963996344,0.07434579279926873,0.3318206435502079,0.45121951219512196,0.5487804878048781,0.3019727133986638,0.6980272866013363,0.7039189106469739,0.2960810893530261
90,636,False,0.033032478289322716,58,56,0.563737189169942,0.43626281083005797,0.127474378339884,0.3235712719696971,0.603448275862069,0.39655172413793105,0.292460465359818,0.7075395346401819,0.7060819620432843,0.29391803795671556
91,643,False,0.025842499699841703,78,74,0.5991010376867527,0.40089896231324734,0.19820207537350537,0.28465467890920143,0.6282051282051282,0.3717948717948718,0.2851833617311411,0.7148166382688589,0.7079394265401198,0.29206057345988023
92,650,False,0.020575107499829978,74,68,0.5253848878765811,0.47461511212341884,0.05076977575316227,0.31161036167076367,0.527027027027027,0.47297297297297297,0.2800748738803356,0.7199251261196643,0.7049212422879008,0.29507875771209935
93,657,False,0.027717707664661435,54,51,0.5481052052797165,0.45189479472028354,0.09621041055943297,0.2729436964762018,0.5740740740740741,0.42592592592592593,0.2723000655091578,0.7276999344908421,0.7059351413519199,0.29406485864808013
94,664,False,0.03316173483578457,78,67,0.4289856808234484,0.5710143191765515,0.14202863835310314,0.2870396127783311,0.4358974358974359,0.5641025641025641,0.2652935563704076,0.7347064436295924,0.7122207220856034,0.2877792779143966
95,671,False,0.04227906330148402,67,65,0.5257516747841096,0.4742483252158906,0.05150334956821895,0.25182305138835775,0.5223880597014925,0.47761194029850745,0.2582624214368872,0.7417375785631127,0.7218466975433878,0.2781533024566122
96,678,False,0.015754064943669748,72,71,0.5275336526036649,0.4724663473963353,0.05506730520732961,0.252724409723277,0.5277777777777778,0.4722222222222222,0.25910393097585127,0.7408960690241486,0.7262111377049837,0.27378886229501637
97,685,False,0.024268964838871022,87,83,0.466462065683938,0.5335379343160619,0.06707586863212389,0.20821633443119492,0.4482758620689655,0.5517241379310345,0.2530869084918474,0.7469130915081525,0.7288732855375236,0.2711267144624763
98,692,False,0.0064637096685500614,65,61,0.5593081126704865,0.44069188732951337,0.11861622534097316,0.2337778678519509,0.5384615384615384,0.46153846153846156,0.25250497801654176,0.7474950219834582,0.7271691946707023,0.2728308053292977
99,699,False,0.033761590637045855,79,72,0.4276410269911646,0.5723589730088353,0.14471794601767074,0.23552205653831146,0.4050632911392405,0.5949367088607594,0.24868542028032115,0.7513145797196789,0.7356547134415806,0.2643452865584195
100,706,False,0.020829274788913606,72,68,0.5066640920994414,0.4933359079005586,0.01332818419888282,0.22201646366486683,0.5,0.5,0.2467599829163525,0.7532400170836474,0.7409842163449679,0.25901578365503214
101,713,False,0.021911988847297396,58,56,0.5009025628901663,0.4990974371098336,0.0018051257803327059,0.21736838644308037,0.5172413793103449,0.4827586206896552,0.24104552746697122,0.7589544725330288,0.7409954913100048,0.25900450868999525
102,720,False,0.017325020714928554,58,56,0.5279636801681318,0.47203631983186817,0.05592736033626361,0.18718460508267698,0.5172413793103449,0.4827586206896552,0.23666846136200942,0.7633315386379906,0.7418666271906355,0.25813337280936466
103,727,False,0.027008495019725274,68,62,0.42974121758142325,0.5702587824185766,0.14051756483715339,0.18365385832425246,0.4264705882352941,0.5735294117647058,0.23576022634474475,0.7642397736552552,0.7490506853496549,0.2509493146503451
104,734,False,0.0053314380241285065,75,69,0.5197032660144942,0.48029673398550576,0.03940653202898847,0.19787562999525823,0.52,0.48,0.23467349258870787,0.765326507411292,0.7498977710592025,0.25010222894079753
105,741,False,0.018374871563039286,74,64,0.5099760032001479,0.49002399679985215,0.019952006400295763,0.2012240789434068,0.5135135135135135,0.4864864864864865,0.23474671200396377,0.7652532879960362,0.7547391652360079,0.24526083476399205
106,748,False,0.019965836798922013,86,77,0.5115897570903774,0.48841024290962254,0.023179514180754812,0.1750880464089543,0.5348837209302325,0.46511627906976744,0.2370373245786109,0.7629626754213892,0.7593765312534535,0.24062346874654658
107,755,False,0.019051510184104274,64,62,0.5647239604609027,0.43527603953909716,0.12944792092180551,0.18375595018524155,0.5625,0.4375,0.2324255597089199,0.7675744402910801,0.7608664254398234,0.23913357456017653
108,762,False,0.010000939918713408,72,66,0.4662970565761182,0.533702943423882,0.06740588684776383,0.1775405901673204,0.4583333333333333,0.5416666666666666,0.23002387288872891,0.7699761271112711,0.7616265650838415,0.23837343491615848
109,769,False,0.025230276760010398,77,72,0.50670577001838,0.4932942299816198,0.013411540036760206,0.1877546863036149,0.5064935064935064,0.4935064935064935,0.22442782403160477,0.7755721759683952,0.7645271205898005,0.23547287941019954
110,776,False,0.021333795511446367,62,59,0.5205703466730098,0.47942965332699017,0.04114069334601966,0.16602090137435957,0.5,0.5,0.2270909350723069,0.772909064927693,0.7691827996139315,0.2308172003860684
111,783,False,0.022492288766314646,67,60,0.4980513933831984,0.5019486066168015,0.003897213233603092,0.2036361943206667,0.4925373134328358,0.5074626865671642,0.22737854362527507,0.772621456374725,0.7747743957357411,0.22522560426425875
112,790,False,0.005437466081575469,50,49,0.36175655621316943,0.6382434437868307,0.2764868875736613,0.18153856577081837,0.36,0.64,0.22672010250216432,0.7732798974978355,0.7736009363300973,0.22639906366990264
113,797,False,0.01382931118640202,68,66,0.5314633942403747,0.4685366057596253,0.0629267884807494,0.1491570382333939,0.5294117647058824,0.47058823529411764,0.2244342652817402,0.7755657347182598,0.7761365962933161,0.2238634037066839
114,804,False,0.01238335084237006,77,71,0.49998100014343955,0.5000189998565605,3.799971312096195e-05,0.16999343827250538,0.5064935064935064,0.4935064935064935,0.22485954077301873,0.7751404592269812,0.7791352518025555,0.22086474819744456
115,811,False,0.00803977943588976,71,66,0.45448834641897473,0.545511653581025,0.09102330716205032,0.1492155412363219,0.43661971830985913,0.5633802816901409,0.22317655153395746,0.7768234484660426,0.780159459577636,0.219840540422364
116,818,False,0.040066856157700795,62,56,0.5266183315073233,0.47338166849267665,0.053236663014646635,0.17268244200865385,0.5483870967741935,0.45161290322580644,0.21421132578145283,0.7857886742185471,0.7838043205397678,0.21619567946023233
117,825,False,0.019046639047131712,52,50,0.42157978444067135,0.5784202155593287,0.1568404311186573,0.14587398916280356,0.4230769230769231,0.5769230769230769,0.21316464712160424,0.7868353528783959,0.7882119963008455,0.2117880036991545
118,832,False,0.017442159557393137,71,65,0.47821196829195023,0.5217880317080498,0.04357606341609954,0.1726782606799042,0.4788732394366197,0.5211267605633803,0.209129904820637,0.790870095179363,0.7874340755935044,0.2125659244064956
119,839,False,0.016957766138453755,65,63,0.4586783957776408,0.5413216042223591,0.08264320844471829,0.15699965108918432,0.46153846153846156,0.5384615384615384,0.21306061459565745,0.7869393854043425,0.7881433952080752,0.2118566047919248
120,846,False,0.037354251845178335,75,73,0.370459307866165,0.6295406921338347,0.2590813842676697,0.13814562096950625,0.36,0.64,0.20989234607374907,0.7901076539262509,0.7962569365359232,0.20374306346407667
121,853,False,0.017526815822080235,61,56,0.44060550091814493,0.559394499081855,0.11878899816371008,0.13670045659328936,0.4426229508196721,0.5573770491803278,0.20808982069444945,0.7919101793055506,0.7998443386625734,0.20015566133742657
122,860,False,0.023044791296031715,73,68,0.3988806476252452,0.6011193523747546,0.20223870474950933,0.13093975588732698,0.3972602739726027,0.6027397260273972,0.20663781181674915,0.7933621881832508,0.8048192801797192,0.19518071982028073
123,867,False,0.029045772728004206,68,62,0.46116881510372876,0.5388311848962711,0.07766236979254237,0.12775514963622708,0.45588235294117646,0.5441176470588235,0.20351303493080794,0.7964869650691919,0.810463100512138,0.1895368994878619
124,874,False,0.017807486029423576,61,59,0.45926134973184607,0.5407386502681538,0.08147730053630775,0.13893503719112563,0.45901639344262296,0.5409836065573771,0.2021601225199481,0.7978398774800519,0.8067874089451058,0.19321259105489413
125,881,False,0.01638984613512207,68,64,0.5002369571725148,0.4997630428274852,0.0004739143450296357,0.12861771658687968,0.5,0.5,0.20571115577270344,0.7942888442272966,0.8055893276885062,0.19441067231149375
126,888,False,0.02864840708972724,59,57,0.4453857823822975,0.5546142176177025,0.10922843523540499,0.1251254027901336,0.4406779661016949,0.559322033898305,0.19995942699341834,0.8000405730065816,0.8025345779880789,0.19746542201192108
127,895,False,0.015434843488885713,61,60,0.6123646066346372,0.3876353933653628,0.22472921326927442,0.14799423408152168,0.6229508196721312,0.3770491803278688,0.19649148524280918,0.8035085147571908,0.8024442372785617,0.1975557627214383
128,902,False,0.007145522416138172,79,72,0.4606038655225673,0.5393961344774328,0.07879226895486552,0.1468332191947843,0.45569620253164556,0.5443037974683544,0.19675311879904084,0.8032468812009592,0.8040197762186013,0.19598022378139873
129,909,False,0.01000975415228198,68,61,0.5458944644318812,0.45410553556811867,0.0917889288637625,0.15362141904803495,0.5441176470588235,0.45588235294117646,0.19743682315152689,0.8025631768484732,0.8018869172159991,0.19811308278400092
130,916,False,0.008290212274700795,88,81,0.48549432731602676,0.5145056726839733,0.02901134536794653,0.17254853218523628,0.4659090909090909,0.5340909090909091,0.19833492322652713,0.8016650767734729,0.8002505727617378,0.19974942723826214
131,923,False,0.013328436465091234,60,52,0.4817936260220544,0.5182063739779456,0.03641274795589117,0.14079223357290838,0.4666666666666667,0.5333333333333333,0.19583179949942203,0.8041682005005779,0.8018840319368832,0.19811596806311688
132,930,False,0.013774210773707555,71,67,0.4524937706967221,0.547506229303278,0.09501245860655588,0.1308360922232023,0.4507042253521127,0.5492957746478874,0.19298749566348408,0.807012504336516,0.8030007272811863,0.19699927271881362
133,937,False,0.02057628963833466,81,71,0.46195293397649684,0.538047066023503,0.07609413204700621,0.14662122178072445,0.4567901234567901,0.5432098765432098,0.1947917119428336,0.8052082880571664,0.8071920853219838,0.19280791467801614
134,944,False,0.028434155523320695,68,61,0.4337071608485005,0.5662928391514995,0.13258567830299905,0.13443535074628024,0.4264705882352941,0.5735294117647058,0.1894106151565344,0.8105893848434655,0.8103416088497436,0.18965839115025648
135,951,False,0.011432197224911128,85,79,0.4931099744344029,0.506890025565597,0.013780051131194127,0.14520075518774023,0.49411764705882355,0.5058823529411764,0.19124132385067208,0.8087586761493278,0.8086504955921472,0.19134950440785284
136,958,False,0.007544914120537386,65,62,0.5083011020782964,0.49169889792170346,0.016602204156592915,0.14023528585301787,0.49230769230769234,0.5076923076923077,0.1926031270445762,0.8073968729554237,0.8095867435798407,0.1904132564201593
137,965,False,0.033636435200310344,75,69,0.5251677142649459,0.47483228573505404,0.05033542852989187,0.15724640513937876,0.5333333333333333,0.4666666666666667,0.18872130620131908,0.811278693798681,0.8032851289415301,0.19671487105846994
138,972,False,0.0303652446369139,63,57,0.5999304845541412,0.4000695154458585,0.19986096910828272,0.157137692131323,0.6031746031746031,0.3968253968253968,0.18413030862829202,0.815869691371708,0.7984274715130061,0.20157252848699397
139,979,False,0.014124633509400516,94,84,0.5255233237322183,0.4744766762677816,0.05104664746443671,0.14105516332465035,0.5212765957446809,0.4787234042553192,0.18385402802853557,0.8161459719714645,0.8016096446863182,0.19839035531368168
140,986,False,0.011593132200793058,56,52,0.46023412728690244,0.5397658727130976,0.07953174542619518,0.14582547226438433,0.4642857142857143,0.5357142857142857,0.18214230055454717,0.8178576994454528,0.8034693558669174,0.19653064413308266
141,993,False,0.014756712553684192,72,64,0.5769108738179229,0.4230891261820768,0.15382174763584616,0.149464437302702,0.5833333333333334,0.4166666666666667,0.1805785334747871,0.819421466525213,0.8006089207546404,0.1993910792453597
142,1000,False,0.00816576440529521,75,70,0.5317303480990822,0.46826965190091774,0.06346069619816441,0.1319605736449913,0.5333333333333333,0.4666666666666667,0.18093483901687094,0.819065160983129,0.798799777543942,0.20120022245605793
143,1007,False,0.011231546332063344,77,70,0.3923982929252324,0.6076017070747675,0.2152034141495351,0.1403223764532764,0.37662337662337664,0.6233766233766234,0.18214680403399064,0.8178531959660094,0.7966003477558355,0.20339965224416456
144,1014,False,0.011710720641320296,66,62,0.4833355885902004,0.5166644114097995,0.033328822819599035,0.1242553383800924,0.48484848484848486,0.5151515151515151,0.18423282867501223,0.8157671713249879,0.7980450459885994,0.20195495401140068
145,1021,False,0.017189441772452466,62,58,0.4797673856381409,0.520232614361859,0.04046522872371805,0.12973997855304223,0.46774193548387094,0.532258064516129,0.1821885879725416,0.8178114120274583,0.7947848043083973,0.2052151956916027
146,1028,False,0.02029233635353032,66,63,0.40656730873699104,0.5934326912630089,0.18686538252601786,0.14807799213993236,0.3939393939393939,0.6060606060606061,0.18613956563105208,0.813860434368948,0.7929044749070484,0.2070955250929516
147,1035,False,0.014590270994487573,85,78,0.5187812221718062,0.4812187778281937,0.0375624443436125,0.1440536025678673,0.5176470588235295,0.4823529411764706,0.18324809677623746,0.8167519032237627,0.7916617291513439,0.20833827084865614
148,1042,False,0.0016932420502830498,67,59,0.5492650148283051,0.450734985171695,0.09853002965661012,0.14486422443772415,0.5522388059701493,0.44776119402985076,0.1832698042670253,0.8167301957329747,0.7920556798588698,0.20794432014113026
149,1049,False,0.02661099569930299,66,64,0.5151565404405366,0.48484345955946334,0.030313080881073262,0.14580338497420173,0.5151515151515151,0.48484848484848486,0.18695204057618878,0.8130479594238111,0.7872987501089079,0.21270124989109215
150,1056,False,0.0038431904669688397,62,58,0.504933149166007,0.495066850833993,0.009866298332013967,0.15827286383450595,0.5,0.5,0.18760804466532274,0.8123919553346773,0.7878527223120652,0.2121472776879347
151,1063,False,0.0048296599972293104,76,71,0.45886606286638904,0.541133937133611,0.08226787426722199,0.1467615678070537,0.4605263157894737,0.5394736842105263,0.18865089677596625,0.8113491032240336,0.7878225693577706,0.21217743064222933
152,1070,False,0.0068940137000793435,73,69,0.3686004713217489,0.6313995286782508,0.2627990573565019,0.14876397509903894,0.3561643835616438,0.6438356164383562,0.1901429145368639,0.8098570854631362,0.7879528357804356,0.2120471642195645
153,1077,False,0.019093507582530627,78,73,0.46579058988694666,0.5342094101130535,0.06841882022610679,0.15336320962973113,0.46153846153846156,0.5384615384615384,0.18867863025923556,0.8113213697407644,0.783701290412596,0.21629870958740405
154,1084,False,0.006914643466069505,66,63,0.489957203527573,0.510042796472427,0.020085592944854014,0.13221197582212607,0.48484848484848486,0.5151515151515151,0.18739352034758527,0.8126064796524147,0.7845438713404036,0.21545612865959646
155,1091,False,0.03548784162215613,63,60,0.5397875648869149,0.46021243511308496,0.07957512977382997,0.15492801858025987,0.5238095238095238,0.47619047619047616,0.19502522216899026,0.8049747778310098,0.7860793531996119,0.21392064680038805
156,1098,False,0.01712424581516692,69,65,0.48195062804809724,0.5180493719519028,0.036098743903805575,0.13768195437480393,0.4782608695652174,0.5217391304347826,0.19257741697574737,0.8074225830242526,0.7891683226268975,0.21083167737310246
157,1105,False,0.009986447522012833,82,77,0.46869929635334245,0.5313007036466576,0.06260140729331515,0.13040868738492317,0.4634146341463415,0.5365853658536586,0.1907268511685517,0.8092731488314484,0.7904191998339496,0.2095808001660505
158,1112,False,0.0036256037209710344,83,75,0.49800644369004093,0.501993556309959,0.003987112619918076,0.15621936313136003,0.4939759036144578,0.5060240963855421,0.19099218299241605,0.8090078170075838,0.7912183565068288,0.20878164349317113
159,1119,False,0.008612909788021723,62,58,0.44417671027688116,0.5558232897231189,0.11164657944623774,0.13261820717285216,0.43548387096774194,0.5645161290322581,0.19079838784667624,0.8092016121533238,0.7932127101834408,0.2067872898165592
160,1126,False,0.01856011075880557,67,62,0.5529315467304308,0.44706845326956907,0.1058630934608617,0.14430299525832638,0.5671641791044776,0.43283582089552236,0.19012394244925726,0.8098760575507427,0.7974256544118502,0.20257434558814968
161,1133,False,0.016244968055392023,73,63,0.5245547217524087,0.475445278247591,0.04910944350481772,0.13496285580291367,0.5205479452054794,0.4794520547945205,0.18859142542629634,0.8114085745737036,0.7940626780733671,0.20593732192663294
162,1140,False,0.011081231638607443,69,65,0.4323087476499757,0.5676912523500242,0.13538250470004848,0.12751543941614327,0.43478260869565216,0.5652173913043478,0.18622996601468478,0.8137700339853151,0.7936920774969095,0.2063079225030905
163,1147,False,0.012948323393932119,55,53,0.4278604422173953,0.5721395577826047,0.14427911556520945,0.16254949953915404,0.41818181818181815,0.5818181818181818,0.18717119312506086,0.8128288068749391,0.7908563689483659,0.20914363105163414
164,1154,False,0.01632689637036036,77,71,0.5032859333498357,0.4967140666501642,0.006571866699671525,0.1630073229580476,0.4935064935064935,0.5064935064935064,0.19018978635876302,0.8098102136412371,0.792836195346009,0.20716380465399095
165,1161,False,0.014226752296194658,78,72,0.5712508191319904,0.4287491808680097,0.14250163826398066,0.13579472574973303,0.5769230769230769,0.4230769230769231,0.18849055978545926,0.8115094402145407,0.7955819819150957,0.2044180180849044
166,1168,False,0.014437196012908977,64,60,0.4310766799831692,0.5689233200168307,0.13784664003366148,0.1406334351109851,0.421875,0.578125,0.18959697826784888,0.8104030217321511,0.7986705783681564,0.20132942163184359
167,1175,False,0.007409400638737538,78,74,0.47849513560050483,0.5215048643994953,0.043009728798990454,0.16971104180929142,0.46153846153846156,0.5384615384615384,0.1882192138028419,0.8117807861971581,0.7978041346204151,0.20219586537958484
168,1182,False,0.015590023802176079,79,71,0.5710680821523517,0.42893191784764806,0.14213616430470366,0.14496889776783117,0.5822784810126582,0.4177215189873418,0.1911502624292026,0.8088497375707975,0.7995832534306765,0.20041674656932346
169,1189,False,0.003985938789433567,63,56,0.5039848296542869,0.4960151703457131,0.007969659308573851,0.15210920445741494,0.5079365079365079,0.49206349206349204,0.19084717513414293,0.809152824865857,0.7987350417799446,0.20126495822005547
170,1196,False,0.013983223214908323,73,67,0.5249581187657457,0.4750418812342543,0.049916237531491436,0.13651560387993514,0.5342465753424658,0.4657534246575342,0.193849946178345,0.8061500538216549,0.7994055187023489,0.20059448129765112
171,1203,False,0.0064376097335843655,61,55,0.4904652126994408,0.509534787300559,0.01906957460111819,0.14815991039893933,0.4918032786885246,0.5081967213114754,0.1944376696443309,0.805562330355669,0.7980723818527041,0.20192761814729593
172,1210,False,0.005412537617159569,65,63,0.48279927283911855,0.5172007271608813,0.034401454321762726,0.16790651964283654,0.49230769230769234,0.5076923076923077,0.19326224588301588,0.8067377541169841,0.7983010817447204,0.20169891825527958
173,1217,False,0.0024990632034065205,74,64,0.38580525469040905,0.6141947453095908,0.2283894906191818,0.14452325232002447,0.3783783783783784,0.6216216216216216,0.19275005273208687,0.8072499472679132,0.7980925074185405,0.20190749258145954
174,1224,False,0.0035614354184346957,73,69,0.4831301542069264,0.5168698457930735,0.03373969158614709,0.17252943128959736,0.4794520547945205,0.5205479452054794,0.191968386642123,0.8080316133578769,0.7980555955809019,0.2019444044190982
175,1231,False,0.008216843131381477,70,65,0.5136931181036858,0.48630688189631416,0.027386236207371628,0.13865833327765134,0.5142857142857142,0.4857142857142857,0.19017662645535063,0.8098233735446493,0.797925784993521,0.2020742150064791
176,1238,False,0.0036561238567755483,79,73,0.4602740853675828,0.5397259146324169,0.07945182926483413,0.17271831302629526,0.46835443037974683,0.5316455696202531,0.18938228579774755,0.8106177142022525,0.7979606906132268,0.20203930938677317
177,1245,False,0.023531298810573423,61,56,0.4563913134638586,0.5436086865361415,0.08721737307228289,0.13878182810784193,0.45901639344262296,0.5409836065573771,0.19113249409555996,0.80886750590444,0.8029565140934555,0.19704348590654455
178,1252,False,0.02164079231955021,66,61,0.4642148394391678,0.5357851605608321,0.07157032112166434,0.13044866032170602,0.45454545454545453,0.5454545454545454,0.18726762883167425,0.8127323711683256,0.8056909723561553,0.19430902764384472
179,1259,False,0.012335528657721445,81,71,0.5142772748701208,0.4857227251298792,0.028554549740241575,0.1319359184973734,0.5185185185185185,0.48148148148148145,0.1846274026934001,0.8153725973065999,0.8056424952050676,0.19435750479493244
180,1266,False,0.019522256509629046,77,72,0.5414885041485009,0.45851149585149903,0.08297700829700189,0.1449135503445447,0.5324675324675324,0.4675324675324675,0.1805075845143062,0.8194924154856938,0.8056907717980091,0.19430922820199095
181,1273,False,0.00321927493226699,77,72,0.5014584944679943,0.4985415055320056,0.0029169889359886847,0.13661150212281517,0.4935064935064935,0.5064935064935064,0.17983573754991172,0.8201642624500882,0.805659749941038,0.19434025005896202
182,1280,False,0.01305033296686077,67,64,0.43021671429430625,0.5697832857056937,0.13956657141138745,0.12581465360315056,0.43283582089552236,0.5671641791044776,0.17906291795975346,0.8209370820402465,0.8084151561813158,0.19158484381868415
183,1287,False,0.009301461076884107,50,49,0.5161783594729705,0.4838216405270293,0.03235671894594122,0.14179914900747476,0.5,0.5,0.17822915073102064,0.8217708492689793,0.8065709869829868,0.19342901301701323
184,1294,False,0.010518926440107974,76,69,0.5684779707878393,0.4315220292121609,0.13695594157567847,0.15326285589811936,0.5657894736842105,0.4342105263157895,0.17931209703735818,0.8206879029626418,0.8085784542209232,0.1914215457790767
185,1301,False,0.008597654006208584,77,71,0.6001678495970972,0.3998321504029027,0.20033569919419453,0.12831452669978177,0.6103896103896104,0.38961038961038963,0.17774319358934465,0.8222568064106555,0.8076824350362025,0.19231756496379743
186,1308,False,0.01696702078984184,80,77,0.5142684009072057,0.4857315990927943,0.028536801814411428,0.14956293293269302,0.5125,0.4875,0.17433195714335498,0.825668042856645,0.8069422964333831,0.19305770356661697
187,1315,False,0.008167596595654567,54,51,0.3345903126609262,0.6654096873390737,0.3308193746781475,0.1349681760897442,0.3333333333333333,0.6666666666666666,0.1746548680984885,0.8253451319015115,0.8087013916695979,0.19129860833040208
188,1322,False,0.006125993847428417,77,71,0.5086695708308882,0.4913304291691119,0.017339141661776247,0.12228796548651072,0.5064935064935064,0.4935064935064935,0.1740051190927616,0.8259948809072384,0.8098427381371669,0.19015726186283305
189,1329,False,0.019483263286449778,60,56,0.5613440133027082,0.4386559866972917,0.1226880266054165,0.1600233990010562,0.5666666666666667,0.43333333333333335,0.17612365201824387,0.823876347981756,0.8134085964370715,0.1865914035629285
190,1336,False,0.009935012159964894,75,71,0.5420401551424276,0.45795984485757213,0.08408031028485552,0.1345268723403869,0.5466666666666666,0.4533333333333333,0.1743361163241754,0.8256638836758247,0.8144181453048246,0.18558185469517544
191,1343,False,0.007776313283513482,76,68,0.5168647613834182,0.4831352386165819,0.03372952276683627,0.12361657125088639,0.5131578947368421,0.4868421052631579,0.17377361207608671,0.8262263879239133,0.8159665189083958,0.18403348109160425
192,1350,False,0.014835972071032886,51,48,0.46384084171197737,0.5361591582880226,0.07231831657604526,0.1314507759801232,0.47058823529411764,0.5294117647058824,0.17198762503305984,0.8280123749669401,0.8184846042179473,0.18151539578205267
193,1357,False,0.0171007546370118,61,57,0.5758497985746202,0.42415020142537985,0.1516995971492403,0.1353624981663321,0.5737704918032787,0.4262295081967213,0.17531177161014252,0.8246882283898574,0.8195138073538762,0.18048619264612384
194,1364,False,0.007153962069233613,73,65,0.5146133868665627,0.48538661313343706,0.0292267737331256,0.1448920218302442,0.5205479452054794,0.4794520547945205,0.17386992163929182,0.8261300783607083,0.8197356529255314,0.1802643470744686
195,1371,False,0.007997783625136307,68,66,0.45359608295513576,0.546403917044864,0.09280783408972826,0.12195587672058752,0.45588235294117646,0.5441176470588235,0.17255454054696875,0.8274454594530313,0.8187582701487603,0.18124172985123974
196,1378,False,0.006450333812888659,55,50,0.44223825699433,0.5577617430056699,0.11552348601133994,0.15708618961036216,0.43636363636363634,0.5636363636363636,0.1714947803217227,0.8285052196782773,0.819540111216155,0.18045988878384497
197,1385,False,0.013215200951173593,67,58,0.5230520485719011,0.4769479514280989,0.0461040971438022,0.13693611384214743,0.5373134328358209,0.4626865671641791,0.17413312034861983,0.8258668796513802,0.8199741836141596,0.18002581638584042
198,1392,False,0.0066982861808081075,61,55,0.4783480707986546,0.5216519292013454,0.0433038584026908,0.15146720237449493,0.47540983606557374,0.5245901639344263,0.17322884148249423,0.8267711585175057,0.8189276724895281,0.18107232751047192
199,1399,False,0.017060450242347633,75,64,0.4163488958672988,0.5836511041327012,0.16730220826540237,0.16508749988604438,0.41333333333333333,0.5866666666666667,0.17291920387481768,0.8270807961251824,0.8153370468269064,0.18466295317309356
200,1406,False,0.008618472220313046,78,68,0.5015931958885739,0.4984068041114262,0.00318639177714769,0.13299558562165226,0.5,0.5,0.17290724703786967,0.8270927529621303,0.8171650658742547,0.18283493412574522
201,1413,False,0.002694496293551573,66,61,0.5787425089042393,0.4212574910957605,0.1574850178084788,0.14728722397623384,0.5909090909090909,0.4090909090909091,0.17314001265352283,0.8268599873464771,0.8166496620314274,0.1833503379685725
202,1420,False,0.01591201000634157,60,56,0.45815849734104774,0.5418415026589521,0.0836830053179044,0.14678521449044252,0.4666666666666667,0.5333333333333333,0.1731656885994444,0.8268343114005556,0.8199950156709758,0.18000498432902434
203,1427,False,0.00534567645324329,86,82,0.4946880853037475,0.5053119146962525,0.010623829392504947,0.12006384982217351,0.5,0.5,0.1720965284535758,0.8279034715464243,0.8198388554920086,0.1801611445079914
204,1434,False,0.002689465151705101,76,68,0.6004999539715019,0.39950004602849815,0.20099990794300376,0.1330022599330816,0.618421052631579,0.3815789473684211,0.1715561093449819,0.8284438906550182,0.8198698258184982,0.1801301741815017
205,1441,False,0.012887472582909001,82,72,0.4808985667095194,0.5191014332904806,0.038202866580961226,0.14913218597478384,0.4634146341463415,0.5365853658536586,0.17251765065523694,0.8274823493447631,0.8223564901151815,0.17764350988481842
206,1448,False,0.00819326406062978,80,70,0.49288596919510497,0.5071140308048949,0.014228061609789955,0.14267937666901304,0.4875,0.5125,0.17393023248120762,0.8260697675187924,0.8214664335770477,0.17853356642295234
207,1455,False,0.007143521465315175,65,61,0.5704506676230456,0.4295493323769542,0.14090133524609144,0.1243463900028617,0.5692307692307692,0.4307692307692308,0.17336618700374956,0.8266338129962505,0.8200974802798328,0.17990251972016713
208,1462,False,0.008620195244816392,66,61,0.5296638481879303,0.47033615181206945,0.05932769637586088,0.1316038703694424,0.5303030303030303,0.4696969696969697,0.17313389523247313,0.8268661047675269,0.8183079663145073,0.18169203368549267
209,1469,False,0.004488836157122392,68,62,0.5502219631416913,0.4497780368583086,0.10044392628338267,0.13824808908619643,0.5588235294117647,0.4411764705882353,0.17226605983069018,0.8277339401693099,0.8180334729252363,0.1819665270747636
210,1476,False,0.006372630280623147,60,59,0.6398017555539663,0.36019824444603354,0.2796035111079328,0.15183460391179585,0.65,0.35,0.1730440124476148,0.8269559875523851,0.8169621700691566,0.18303782993084333
211,1483,False,0.013298938972647256,75,65,0.44082290335405094,0.5591770966459491,0.11835419329189811,0.15778864349139038,0.4266666666666667,0.5733333333333334,0.1756866592788374,0.8243133407211627,0.8163493798646635,0.18365062013533653
212,1490,False,0.004949631870351487,48,45,0.4148961464838949,0.585103853516105,0.17020770703221016,0.12132234590970221,0.4166666666666667,0.5833333333333334,0.17534438704350017,0.8246556129564999,0.8173350339430038,0.18266496605699614
213,1497,False,0.005077993835621458,79,72,0.6019683880364511,0.3980316119635488,0.20393677607290234,0.1436880192413209,0.6075949367088608,0.3924050632911392,0.1750177776951928,0.8249822223048071,0.8163151604687616,0.1836848395312384
214,1504,False,0.010764936268822958,67,61,0.4557342968905818,0.5442657031094182,0.08853140621883643,0.12323028263196333,0.44776119402985076,0.5522388059701493,0.177007105429015,0.822992894570985,0.8173034411221975,0.1826965588778026
215,1511,False,0.004854093453437981,65,60,0.5128330940089341,0.4871669059910658,0.02566618801786824,0.1440131016853016,0.5076923076923077,0.49230769230769234,0.17643738785070856,0.8235626121492915,0.8164600264777175,0.18353997352228243
216,1518,False,0.01940013685263102,76,72,0.5294370251582635,0.4705629748417366,0.05887405031652693,0.16508618908016018,0.5394736842105263,0.4605263157894737,0.17310898810821906,0.8268910118917809,0.8142262107639134,0.1857737892360865
217,1525,False,0.012426182423018793,73,62,0.4889930612982778,0.511006938701722,0.022013877403444182,0.14534725754483524,0.4931506849315068,0.5068493150684932,0.17236658137562436,0.8276334186243756,0.816752174114547,0.183247825885453
218,1532,False,0.005912467897431172,70,66,0.5948712413387911,0.4051287586612089,0.1897424826775822,0.15778838443541912,0.6,0.4,0.17135494918067165,0.8286450508193284,0.8160921748187342,0.18390782518126586
219,1539,False,0.002821653690764398,66,60,0.4648212796811641,0.5351787203188358,0.07035744063767174,0.1287656931103517,0.4696969696969697,0.5303030303030303,0.17098671006751154,0.8290132899324885,0.8156368430317374,0.18436315696826258
220,1546,False,0.003495108834533699,63,61,0.5793022272120802,0.42069777278791975,0.1586044544241605,0.12342071074507628,0.5873015873015873,0.4126984126984127,0.17102682310501505,0.828973176894985,0.81489363570536,0.18510636429464003
221,1553,False,0.0018722641622959295,69,62,0.5043687151524973,0.4956312848475027,0.008737430304994576,0.11724984583629892,0.5072463768115942,0.4927536231884058,0.17083187007725353,0.8291681299227465,0.8152346495045325,0.18476535049546744
222,1560,False,0.007492287358704842,76,65,0.46359189926484357,0.5364081007351565,0.07281620147031298,0.13600554123393163,0.4605263157894737,0.5394736842105263,0.1700342598584377,0.8299657401415623,0.8165818104085011,0.18341818959149894
223,1567,False,0.0069552760814559425,75,65,0.43381330017926,0.56618669982074,0.13237339964147998,0.1430204959977212,0.4266666666666667,0.5733333333333334,0.1705001442614183,0.8294998557385816,0.8179657119789203,0.18203428802107957
224,1574,False,0.007738940191214618,83,75,0.49449204558715076,0.5055079544128491,0.011015908825698362,0.149790840269098,0.4939759036144578,0.5060240963855421,0.17126316499422392,0.8287368350057761,0.8193800845303649,0.18061991546963505
225,1581,False,0.009686124019800265,75,71,0.5052100936324133,0.49478990636758674,0.010420187264826575,0.12837265102264858,0.5066666666666667,0.49333333333333335,0.17072796820907868,0.8292720317909212,0.8213206638839847,0.17867933611601525
226,1588,False,0.008471982441348017,77,72,0.5216394839135122,0.47836051608648794,0.043278967827024284,0.16115825413633325,0.5194805194805194,0.4805194805194805,0.17153946856338922,0.8284605314366108,0.8197705531596223,0.18022944684037764
227,1595,False,0.006984341786005645,78,73,0.5895018455352102,0.41049815446478943,0.1790036910704208,0.15357661851226445,0.5897435897435898,0.41025641025641024,0.17088333860294805,0.8291166613970519,0.8184773919648861,0.181522608035114
228,1602,False,0.008389519647415026,64,61,0.4929248149144817,0.5070751850855182,0.014150370171036486,0.1446444547196429,0.484375,0.515625,0.1715908029077837,0.8284091970922163,0.82007150560989,0.17992849439011005
229,1609,False,0.002109759297350691,73,70,0.4260474856151779,0.5739525143848221,0.14790502876964418,0.13180019182961647,0.4246575342465753,0.5753424657534246,0.1714046002930052,0.8285953997069948,0.8204666773031063,0.17953332269689365
230,1616,False,0.009757150021370968,71,65,0.5478726888812835,0.45212731111871635,0.09574537776256714,0.11161388601760117,0.5492957746478874,0.4507042253521127,0.17196636686938307,0.828033633130617,0.8185109267132785,0.1814890732867215
231,1623,False,0.0048991163732857316,69,67,0.5735413028565387,0.426458697143461,0.14708260571307769,0.1344858980246282,0.5797101449275363,0.42028985507246375,0.17161118168354464,0.8283888183164554,0.8175488640288772,0.18245113597112295
232,1630,False,0.015288420751547042,72,69,0.4270337072655093,0.5729662927344905,0.1459325854689812,0.12742947654340442,0.4305555555555556,0.5694444444444444,0.17253866175429147,0.8274613382457086,0.8206041406436864,0.17939585935631366
233,1637,False,0.005092506937833186,70,64,0.48271604896896186,0.5172839510310382,0.03456790206207633,0.13123153196054435,0.4857142857142857,0.5142857142857142,0.17247584270551666,0.8275241572944833,0.8216599338071875,0.1783400661928124
234,1644,False,0.0057617338190903795,64,57,0.5175459895429554,0.48245401045704456,0.03509197908591083,0.14656572108286206,0.515625,0.484375,0.17272053047449104,0.8272794695255089,0.8228242617565035,0.17717573824349664
235,1651,False,0.014703994146373071,78,73,0.5626230547449521,0.4373769452550475,0.1252461094899046,0.17093641084891967,0.5641025641025641,0.4358974358974359,0.16985865046455703,0.8301413495354429,0.8235652942807092,0.17643470571929076
236,1658,False,0.025168363236494292,60,57,0.4580639380176163,0.5419360619823836,0.08387212396476734,0.17092563180106696,0.4666666666666667,0.5333333333333333,0.17284033390557674,0.8271596660944233,0.8193505368513956,0.18064946314860442
237,1665,False,0.01714692275366308,64,59,0.4904106604337252,0.5095893395662747,0.019178679132549503,0.1342290606721018,0.484375,0.515625,0.17546592961908297,0.824534070380917,0.8217009845209533,0.1782990154790467
238,1672,False,0.010540340757213508,68,64,0.6007478324151972,0.39925216758480253,0.20149566483039472,0.13500063521121336,0.6029411764705882,0.39705882352941174,0.17379093714220703,0.826209062857793,0.8203291952096037,0.17967080479039638
239,1679,False,0.004592339980375603,92,88,0.5406669481854699,0.45933305181453,0.0813338963709399,0.1325254695921519,0.5543478260869565,0.44565217391304346,0.1736991767133512,0.8263008232866488,0.8212798030669974,0.17872019693300253
240,1686,False,0.008463505954445574,86,77,0.4531626472246298,0.5468373527753699,0.09367470555074014,0.12466983972030964,0.45348837209302323,0.5465116279069767,0.17362660122171747,0.8263733987782826,0.8195177919615718,0.18048220803842804
241,1693,False,0.009777873296230111,74,70,0.44209313981739146,0.5579068601826084,0.11581372036521692,0.1422620233219147,0.43243243243243246,0.5675675675675675,0.17561394102775935,0.8243860589722407,0.8196715681695904,0.18032843183040956
242,1700,False,0.01466415817435198,74,67,0.4308425180741878,0.5691574819258122,0.1383149638516244,0.13961023589821744,0.43243243243243246,0.5675675675675675,0.17629820367180843,0.8237017963281916,0.8226372235218752,0.17736277647812496
243,1707,False,0.004899291759286764,81,78,0.49536196544942473,0.5046380345505752,0.009276069101150475,0.14697206369286436,0.49382716049382713,0.5061728395061729,0.17664101611886754,0.8233589838811325,0.8235857602912791,0.17641423970872097
244,1714,False,0.013729804797116786,70,67,0.4985928264917871,0.5014071735082131,0.0028143470164259665,0.13531562007261932,0.5,0.5,0.17614021159055168,0.8238597884094483,0.8207922675076418,0.17920773249235816
245,1721,False,0.009663424248561755,64,58,0.5366570162810846,0.4633429837189153,0.07331403256216934,0.1462890541259735,0.546875,0.453125,0.17568755717431014,0.8243124428256899,0.8188268953470641,0.18117310465293587
246,1728,False,0.0018192039558454984,84,74,0.5843436143611103,0.41565638563888985,0.16868722872222042,0.13189084120419492,0.5833333333333334,0.4166666666666667,0.17537374578797074,0.8246262542120293,0.8190322033242124,0.18096779667578744
247,1735,False,0.0068904731825707955,57,49,0.5767765220622959,0.42322347793770415,0.15355304412459175,0.16075870485605223,0.5964912280701754,0.40350877192982454,0.17424555333648656,0.8257544466635135,0.818169043130407,0.18183095686959297
248,1742,False,0.003991566005108731,83,73,0.4527706427997153,0.5472293572002845,0.09445871440056924,0.1232177606099852,0.4457831325301205,0.5542168674698795,0.1735156527501544,0.8264843472498457,0.8185345619475951,0.1814654380524048
249,1749,False,0.01143936293689137,77,69,0.47778838502763776,0.5222116149723621,0.04442322994472436,0.17912593990435435,0.4805194805194805,0.5194805194805194,0.1733854302474253,0.8266145697525747,0.816123030743631,0.18387696925636896
250,1756,False,0.009981874567914316,64,58,0.5197242220494386,0.4802757779505614,0.039448444098877156,0.1480373781231804,0.515625,0.484375,0.1724027913333225,0.8275972086666775,0.8179663136865165,0.18203368631348346
251,1763,False,0.008582604795431882,80,70,0.43666406252788903,0.5633359374721112,0.12667187494422216,0.14432600194291262,0.425,0.575,0.17068541009382945,0.8293145899061707,0.8181353572404886,0.18186464275951145
252,1770,False,0.014676175112265022,79,75,0.5824048706829595,0.41759512931704035,0.1648097413659192,0.15181596073408707,0.5949367088607594,0.4050632911392405,0.1709836167912701,0.82901638320873,0.8150429093706688,0.18495709062933124
253,1777,False,0.007756552512791694,66,63,0.5508326472297548,0.44916735277024517,0.10166529445950961,0.1329231325666032,0.5454545454545454,0.45454545454545453,0.17000950729185946,0.8299904927081405,0.8137524467039946,0.18624755329600545
254,1784,False,0.01674235669012,67,65,0.4984152617027623,0.5015847382972378,0.0031694765944755288,0.16217749672924786,0.5074626865671642,0.4925373134328358,0.17164964076308267,0.8283503592369172,0.8106020215952625,0.1893979784047375
255,1791,False,0.005988291303402267,72,67,0.4123432139173371,0.5876567860826628,0.17531357216532573,0.16624055977964702,0.4027777777777778,0.5972222222222222,0.17237800711225026,0.8276219928877496,0.8095635066434156,0.19043649335658433
256,1798,False,0.005808987053746421,46,45,0.4589738020246095,0.5410261979753904,0.0820523959507809,0.14518380679314138,0.45652173913043476,0.5434782608695652,0.171491538190591,0.828508461809409,0.8087359090050832,0.19126409099491676
257,1805,False,0.008496453162603298,57,54,0.5079149005470663,0.49208509945293355,0.01582980109413279,0.179817685600691,0.5087719298245614,0.49122807017543857,0.1712140270491464,0.8287859729508537,0.8068953152096979,0.19310468479030213
258,1812,False,0.004503543839302345,72,63,0.5302270599128112,0.4697729400871887,0.06045411982562249,0.13783707587158595,0.5416666666666666,0.4583333333333333,0.1710322327717115,0.8289677672282885,0.8059213724553387,0.1940786275446613
259,1819,False,0.004761249304736983,89,82,0.4624893607987268,0.537510639201273,0.07502127840254613,0.1403179946224908,0.4606741573033708,0.5393258426966292,0.1701346859188806,0.8298653140811194,0.8055680596722038,0.19443194032779626
260,1826,False,0.003840507833715583,64,59,0.49738715539006556,0.5026128446099344,0.005225689219868823,0.13382228823988956,0.484375,0.515625,0.17068794537571327,0.8293120546242867,0.8061572546651438,0.19384274533485624
261,1833,False,0.006009930051917546,69,68,0.4456376290084321,0.5543623709915678,0.1087247419831357,0.1332147147937644,0.43478260869565216,0.5652173913043478,0.17189335663797764,0.8281066433620223,0.8061014520227506,0.19389854797724929
262,1840,False,0.004108548708162125,73,67,0.5537451143202958,0.4462548856797041,0.10749022864059171,0.15516234700129583,0.547945205479452,0.4520547945205479,0.17211761417673732,0.8278823858232626,0.8069741417482958,0.19302585825170407
263,1847,False,0.007259182558421747,73,71,0.4803188700584316,0.5196811299415683,0.03936225988313674,0.1514748465822857,0.4794520547945205,0.5205479452054794,0.17347840472704087,0.8265215952729592,0.8075718445315982,0.1924281554684017
264,1854,False,0.00469364639833457,88,78,0.4951676081831978,0.5048323918168021,0.009664783633604235,0.16231378421408457,0.48863636363636365,0.5113636363636364,0.17255981794781133,0.8274401820521887,0.8078338185780494,0.1921661814219506
265,1861,False,0.01907547886973551,62,60,0.46902847337340425,0.5309715266265956,0.06194305325319138,0.14181770810186792,0.46774193548387094,0.532258064516129,0.17598637610700163,0.8240136238929984,0.8058581076103449,0.194141892389655
266,1868,False,0.001567742614069234,77,71,0.5023435387162369,0.4976564612837631,0.0046870774324738185,0.16488337180488807,0.5064935064935064,0.4935064935064935,0.17592991512968412,0.8240700848703157,0.8055164006458694,0.19448359935413065
267,1875,False,0.007179543324934026,65,62,0.49394999798739114,0.5060500020126086,0.012100004025217492,0.12996388761688205,0.49230769230769234,0.5076923076923077,0.17484639603727106,0.825153603962729,0.8065877489394994,0.19341225106050056
268,1882,False,0.004465054347066212,89,82,0.5160342412882588,0.48396575871174113,0.032068482576517676,0.15473389400055337,0.5168539325842697,0.48314606741573035,0.17497859990285594,0.8250214000971441,0.8075605545412811,0.19243944545871888
269,1889,False,0.005792914423463719,72,66,0.4999114872678337,0.5000885127321664,0.00017702546433268074,0.15280289762901333,0.5,0.5,0.176141559126477,0.823858440873523,0.807311979552007,0.192688020447993
270,1896,False,0.0026697646197307865,64,60,0.589953175989477,0.4100468240105229,0.17990635197895416,0.13219048066120234,0.59375,0.40625,0.17614992448089756,0.8238500755191024,0.806724034031737,0.19327596596826302
271,1903,False,0.021302414332036723,69,63,0.5190201128877983,0.4809798871122017,0.03804022577559657,0.1430049925146175,0.5217391304347826,0.4782608695652174,0.18001905211627806,0.819980947883722,0.804461041943217,0.19553895805678304
272,1910,False,0.014226493412061695,58,56,0.4401070291900254,0.5598929708099746,0.11978594161994915,0.16065739485265706,0.4482758620689655,0.5517241379310345,0.18283278690028368,0.8171672130997164,0.8055235231435806,0.1944764768564194
273,1917,False,0.008561293688792257,58,54,0.3905797539915915,0.6094202460084084,0.21884049201681688,0.1433437085992838,0.3793103448275862,0.6206896551724138,0.1821599247705124,0.8178400752294877,0.8072776844936339,0.19272231550636623
274,1924,False,0.011971497224544773,57,55,0.520021481923816,0.47997851807618386,0.040042963847632174,0.1505641524753218,0.5263157894736842,0.47368421052631576,0.18155595400267638,0.8184440459973237,0.8098219594306015,0.19017804056939844
275,1931,False,0.0020049324365159836,71,64,0.5268856410130444,0.47311435898695575,0.05377128202608861,0.14459807066901928,0.5352112676056338,0.4647887323943662,0.18120166108407434,0.8187983389159257,0.8095859591707015,0.19041404082929844
276,1938,False,0.005567942915072107,70,66,0.5078690066276612,0.4921309933723387,0.015738013255322536,0.14105837607418018,0.5142857142857142,0.4857142857142857,0.18192515204120144,0.8180748479587986,0.8086301155414048,0.1913698844585952
277,1945,False,0.002599653848106646,77,69,0.46312081983827325,0.5368791801617265,0.07375836032345329,0.16181300743201335,0.45454545454545453,0.5454545454545454,0.18196132556190195,0.8180386744380981,0.8091971521573493,0.1908028478426506
278,1952,False,0.004949190239962989,67,61,0.4190878030495601,0.5809121969504396,0.1618243939008795,0.16071295706784347,0.417910447761194,0.582089552238806,0.18135733990014516,0.8186426600998548,0.8100755555895113,0.18992444441048867
279,1959,False,0.009908827645594464,72,67,0.5589425731444094,0.44105742685559063,0.1178851462888188,0.1572089213857778,0.5694444444444444,0.4305555555555556,0.17929786591141428,0.8207021340885857,0.8098457200626761,0.19015427993732387
280,1966,False,0.010921281853724716,60,58,0.4579435735667468,0.5420564264332531,0.08411285286650633,0.13131994254265236,0.45,0.55,0.18072605403591804,0.819273945964082,0.811692721976144,0.1883072780238561
281,1973,False,0.003518297933802378,66,62,0.3552471767030286,0.6447528232969709,0.28950564659394235,0.15100230259315858,0.3484848484848485,0.6515151515151515,0.1807415605813738,0.8192584394186262,0.8124518873557189,0.18754811264428103
282,1980,False,0.008897482986607747,65,61,0.4789837480825914,0.5210162519174084,0.04203250383481699,0.13768237494167804,0.47692307692307695,0.5230769230769231,0.17972198159897576,0.8202780184010242,0.8108433592393288,0.1891566407606711
283,1987,False,0.0025503913649206874,73,70,0.4453897524011224,0.5546102475988776,0.10922049519775517,0.14435142412304508,0.4383561643835616,0.5616438356164384,0.17999994602494693,0.820000053975053,0.8113146041124888,0.18868539588751115
284,1994,False,0.014388984102401763,71,64,0.4513630649482495,0.5486369350517503,0.09727387010350075,0.1508934768889708,0.4507042253521127,0.5492957746478874,0.17834387954219705,0.821656120457803,0.8087062144651009,0.191293785534899
285,1999,True,0.010396619324961455,43,40,0.5765113499330565,0.4234886500669433,0.15302269986611322,0.12912565650052407,0.5813953488372093,0.4186046511627907,0.17735250579463546,0.8226474942053645,0.8066797920923351,0.193320207907665